APHASIA,Language impairment after dominant hemisphere lesion,Localization
DYSMETRIA,Past pointing on finger-to-nose test from cerebellar dysfunction,Neuroanatomy
HEMIBALLISMUS,Violent flinging limb movements due to subthalamic nucleus lesion,
HEMIPARESIS,Weakness of one side of the body,
ASTEREOGNOSIS,Inability to identify objects by touch with intact primary sensation,
AGRAPHIA,Loss of the ability to write,
ALEXIA,Acquired inability to read,
ANOSOGNOSIA,Unawareness of one's own neurologic deficits,
ATAXIA,Uncoordinated gait or limb movements,Localization
DYSARTHRIA,Motor speech disorder with slurred or effortful speech,Localization
DYSTONIA,Sustained or intermittent muscle contractions causing abnormal postures,Movement
MYOCLONUS,"Sudden, brief, shock-like muscle jerks",Movement
TREMOR,Rhythmic oscillatory movement at rest or with action,Movement
NYSTAGMUS,Repetitive involuntary eye movements,
VERTIGO,Illusory sense of motion from vestibular dysfunction,
MIGRAINE,Recurrent headache often with photophobia; aura may occur,Headache
EPILEPSY,Tendency for recurrent unprovoked seizures,
AURA,Transient focal symptoms preceding a seizure or migraine,Epilepsy
GERSTMANN,"Agraphia, acalculia, finger agnosia, and disorientation syndrome",Localization
BABINSKI,Upgoing plantar response indicating corticospinal tract dysfunction,Neuroanatomy
APHONIA,Loss of voice due to laryngeal or central causes,
APRAXIA,Inability to perform learned motor tasks despite intact strength,Localization
AGNOSIA,Failure to recognize objects despite preserved sensation,Localization
PROSOPAGNOSIA,Inability to recognize familiar faces,
HEMINEGLECT,"Failure to attend to one side of space, usually",
HEMIANOPIA,Loss of half of the visual field,
QUADRANTANOPIA,Loss of a quarter of the visual field,
SCOTOMA,Focal area of visual field loss,Localization
DIPLOPIA,Double vision,
PTOSIS,Drooping of the upper eyelid,Localization
MIOSIS,Pupillary constriction,Localization
MYDRIASIS,Pupillary dilation,Localization
ANISOCORIA,Unequal pupil sizes,Localization
HORNER,"Ptosis, miosis, anhidrosis from sympathetic pathway lesion; _____ syndrome",Localization
INO,Impaired adduction with abducting nystagmus from MLF lesion,
ONEANDAHALF,Ipsilateral gaze palsy with contralateral INO; _____ syndrome,
PARINAUD,Dorsal midbrain syndrome with upgaze palsy and light-near dissociation; _____ syndrome,Neuroanatomy
MILLERFISHER,"Ataxia, areflexia, ophthalmoplegia variant of GBS",Localization
WALLENBERG,Lateral medullary infarct syndrome,Vascular
WEBER,Midbrain stroke with ipsilateral CN III palsy and contralateral weakness,Vascular
BENEDIKT,Midbrain tegmentum syndrome with oculomotor palsy and tremor,Movement
BROWNSEQUARD,Hemisection of spinal cord causing ipsilateral weakness and contralateral pain loss,
ANTERIORCORD,Loss of motor and pain/temperature with preserved dorsal columns,
CENTRALCORD,Upper limb weakness greater than legs after cervical hyperextension,
POSTERIORCORD,Loss of vibration and proprioception with preserved pain and temperature,
CAUDAEQUINA,"Radicular pain, asymmetric weakness, saddle anesthesia, bladder involvement",
CONUSMEDULLARIS,"Symmetric weakness, early sphincter dysfunction, perianal anesthesia",
CORTICOSPINAL,Descending motor pathway from cortex to spinal cord,Neuroanatomy
SPINOTHALAMIC,Ascending pain and temperature pathway,Neuroanatomy
DORSALCOLUMNS,Ascending vibration and proprioception pathway,
SUBTHALAMICNUCLEUS,Lesion here causes hemiballismus,
BASALGANGLIA,Deep nuclei modulating movement initiation and inhibition,
GLOBUSPALLIDUSINTERNUS,Target of deep brain stimulation for dystonia,Movement
SUBSTANTIANIGRA,Dopaminergic midbrain nucleus degenerated in Parkinson disease,Movement
RED,Midbrain nucleus associated with rubral tremor,Movement
LOCUSCERULEUS,Pontine norepinephrine nucleus linked to arousal,
PEDUNCLES,Fiber bundles connecting cerebellum to brainstem,Neuroanatomy
VERMIS,Midline cerebellar structure; lesion causes truncal ataxia,Neuroanatomy
FLOCCULUS,Cerebellar region for vestibulo-ocular reflex calibration,Neuroanatomy
PURKINJE,Principal inhibitory neuron cell of cerebellar cortex,Neuroanatomy
OLFACTORY,Cranial nerve I for smell,Neuroanatomy
OPTIC,Cranial nerve II for vision,Neuroanatomy
OCULOMOTOR,Cranial nerve III for eye movements and pupil constriction,Neuroanatomy
TROCHLEAR,Cranial nerve IV innervating superior oblique,Neuroanatomy
TRIGEMINAL,Cranial nerve V for facial sensation and mastication,Neuroanatomy
ABDUCENS,Cranial nerve VI innervating lateral rectus,Neuroanatomy
FACIAL,Cranial nerve VII for facial expression and taste anterior two-thirds,Neuroanatomy
VESTIBULOCOCHLEAR,Cranial nerve VIII for hearing and balance,Neuroanatomy
GLOSSOPHARYNGEAL,Cranial nerve IX for taste posterior third and pharynx,Neuroanatomy
VAGUS,Cranial nerve X for parasympathetic innervation and larynx,Neuroanatomy
ACCESSORY,Cranial nerve XI for sternocleidomastoid and trapezius,Neuroanatomy
HYPOGLOSSAL,Cranial nerve XII for tongue movement,Neuroanatomy
PARKINSON,"Bradykinesia, rigidity, rest tremor, postural instability",Movement
MSA,Atypical parkinsonism with early autonomic failure or cerebellar signs,Movement
PSP,Vertical gaze palsy with early falls and axial rigidity,Movement
CORTICOBASAL,Asymmetric apraxia and cortical sensory loss with parkinsonism,Movement
ESSENTIAL,Action tremor improved by alcohol; familial,Movement
HUNTINGTON,Autosomal dominant chorea with CAG expansion,Movement
WILSON,Copper metabolism disorder with movement and hepatic involvement,
DOPARESPONSIVE,Childhood-onset dystonia improved with levodopa,Movement
TOURETTE,Motor and vocal tics before age 18,Movement
AKATHISIA,Subjective inner restlessness with need to move,
BRADYKINESIA,Slowness of movement; cardinal feature of parkinsonism,Movement
RIGIDITY,Velocity-independent resistance to passive movement,Movement
CHOREA,"Random, flowing, dance-like movements",Movement
TIC,"Sudden, stereotyped, suppressible movement or sound",Movement
SPASTICITY,Velocity-dependent increased muscle tone,
FASCICULATION,Visible spontaneous muscle fiber twitch,Localization
MYOTONIA,Delayed relaxation after contraction; grip _____,
NEUROMYOTONIA,Continuous muscle fiber activity; Isaacs syndrome,
MYASTHENIAGRAVIS,Fluctuating fatigable weakness; ACh receptor antibodies,
LAMBERTEATON,Proximal weakness improves with exercise; P/Q calcium channel antibodies,
GUILLAINBARRE,Acute inflammatory demyelinating polyradiculoneuropathy,
ALS,Combined upper and lower motor neuron degeneration,Neuromuscular
SMA,Genetic anterior horn cell disease; SMN1 deletions,
CARPALTUNNEL,Median neuropathy at the wrist causing nocturnal paresthesias,
ULNAR,Neuropathy entrapment at elbow causing numb 4th/5th digits,
RADIAL,Neuropathy wrist drop after compression in spiral groove,
PERONEAL,Neuropathy foot drop from fibular head entrapment,Neuromuscular
TARSALTUNNEL,Posterior tibial nerve entrapment site at the ankle,
MERALGIAPARESTHETICA,Lateral femoral cutaneous nerve entrapment,
SMALLFIBER,Neuropathy with burning pain with preserved strength and reflexes,
DEMYELINATING,Neuropathy with slowed conduction with prolonged distal latencies,
AXONAL,Neuropathy with low amplitudes with relatively preserved velocities on NCS,Diagnostics
TRIGEMINALNEURALGIA,Lancinating facial pain triggered by light touch,
GLOSSOPHARYNGEALNEURALGIA,Throat/ear pain triggered by swallowing,
HEMIFACIALSPASM,Involuntary unilateral facial contractions from vascular loop,
BELLSPALSY,Acute LMN facial palsy; idiopathic,
CLUSTERHEADACHE,Severe orbital pain with autonomic features; circadian,
PAROXYSMALHEMICRANIA,"Short unilateral headaches, indomethacin responsive",
SUNCT,Short-lasting unilateral neuralgiform headache with conjunctival injection and tearing,Headache
SUNA,Short-lasting unilateral neuralgiform headache with autonomic symptoms,Headache
HEMICRANIACONTINUA,"Continuous unilateral headache, indomethacin responsive",
STATUSMIGRAINOSUS,Migraine lasting >72 hours,Headache
MEDICATIONOVERUSE,Chronic daily headache due to frequent analgesic use; _____ headache,
CEREBRALVENOUS,Headache with papilledema; MRV shows sinus occlusion; _____ thrombosis,Diagnostics
SUBARACHNOID,Thunderclap headache hemorrhage from ruptured aneurysm,Vascular
INTRACEREBRAL,Lobar or deep bleed; hypertension common cause; _______ hemorrhage ,Neuroanatomy
EPIDURAL,Lens-shaped hematoma after temporal bone fracture,
SUBDURAL,Crescent-shaped hematoma; bridging veins,
CEREBRALAMYLOID,Lobar angiopathy in elderly with microbleeds on MRI,Neuroanatomy
ARTERIOVENOUS,Congenital vascular shunt malformation causing hemorrhage or seizures,
CAVERNOUS,Popcorn malformation with hemosiderin rim on MRI,
ISCHEMICSTROKE,Focal deficit from cerebral arterial occlusion,
LACUNAR,Small deep infarct from lipohyalinosis,Vascular
WATERSHED,Borderzone ischemia between arterial territories,
ASPECTS,Ten-point CT score for early ischemia in MCA territory,Vascular
NIHSS,Standardized scale to quantify stroke severity,Vascular
TENECTEPLASE,Fibrin-specific thrombolytic used for stroke,Vascular
THROMBECTOMY,Endovascular clot retrieval for large vessel occlusion,
OSMOTICDE,Central pontine/extrapontine myelinolysis after rapid sodium correction,
WERNICKE,"Thiamine deficiency encephalopathy with confusion, ataxia, ophthalmoplegia",Localization
KORSAKOFF,Amnestic syndrome with confabulation after thiamine deficiency,Metabolic
MARCHIAFAVABIGNAMI,Corpus callosum demyelination in alcohol misuse,Metabolic
HEPATICENC,Cognitive slowing encephalopathy from hyperammonemia,
HYPOXICISCHEMIC,Global anoxic brain injury after cardiac arrest,
PRES,"Headache, seizures, visual loss with vasogenic edema; abbreviation",
RCVS,Recurrent thunderclap headaches with segmental narrowing; abbreviation,
MELAS,Mitochondrial encephalomyopathy with lactic acidosis and stroke-like episodes,Vascular
MERRF,Myoclonic epilepsy with ragged red fibers,
LHON,Hereditary optic neuropathy causing subacute visual loss,
CANVAS,"Cerebellar ataxia, neuropathy, vestibular areflexia syndrome",Neuroanatomy
FAHR,Basal ganglia calcifications with movement disorder,
NEUROACANTHOCYTOSIS,Chorea with acanthocytes on smear,Movement
CREUTZFELDTJAKOB,Rapidly progressive dementia with myoclonus; RT-QuIC on CSF,NeuroID
ALZHEIMER,Gradual amnestic dementia with medial temporal atrophy,Cognitive
LEWYBODYDEMENTIA,"Fluctuations, visual hallucinations, parkinsonism",Movement
FRONTOTEMPORALDEMENTIA,Early behavioral change or language variant,
PRIMARYPROGRESSIVEAPHASIA,"Gradual loss of language; nonfluent, semantic, or logopenic",
NORMALPRESSUREHYDROCEPHALUS,"Gait, cognition, urinary incontinence with enlarged ventricles",Localization
HYDROCEPHALUS,Enlarged ventricles from CSF imbalance,
IDIOPATHICINTRACRANIALHYPERTENSION,Headache with papilledema in obese woman of childbearing age,
PAPILLEDEMA,Optic disc swelling from raised intracranial pressure,Neurocritical
OPTICNEURITIS,Painful subacute monocular visual loss,
UHTOFF,Worsening of neurologic symptoms with heat in MS,Demyelinating
LHERMITTE,Electric shock sensation sign with neck flexion,Localization
MULTIPLESCLEROSIS,Immune-mediated demyelinating disease with dissemination in time and space,
NEUROMYELITISOPTICA,AQP4-IgG astrocytopathy with longitudinal cord lesions,NeuroID
MOGAD,Inflammatory demyelination targeting myelin oligodendrocyte glycoprotein,
TRANSVERSEMYELITIS,Subacute spinal cord inflammation causing sensory level and weakness,NeuroID
ACUTEDISSEMINATEDENCEPHALOMYELITIS,Postinfectious demyelination in children,NeuroID
BICKERSTAFF,Brainstem encephalitis with ataxia and ophthalmoplegia,NeuroID
NMDA,Autoimmune encephalitis with psychiatric symptoms and dyskinesias; anti-_____,NeuroID
STIFFPERSON,GAD antibodies with axial rigidity and spasms; _____ syndrome,Movement
OPSOCLONUSMYOCLONUS,Chaotic saccades with myoclonus and ataxia,Movement
INFANTILESPASMS,West syndrome with hypsarrhythmia on EEG,Epilepsy
WEST,"Infantile spasm syndrome, hypsarrhythmia, developmental regression",
LENNOXGASTAUT,Childhood epileptic encephalopathy syndrome with multiple seizure types,Epilepsy
DRAVET,Severe myoclonic epilepsy of infancy; SCN1A variants,
OHTAHARA,Early infantile epileptic encephalopathy,
LANDAUKLEFFNER,Acquired epileptic aphasia of childhood,Localization
BENIGNROLANDIC,Centrotemporal spikes with nocturnal facial motor seizures epilepsy,
JUVENILEMYOCLONIC,Myoclonic jerks after awakening epilepsy; good valproate response,Pharmacology
ABSENCE,Brief staring spell epilepsy with 3 Hz spike-and-wave,Epilepsy
TEMPORALLOBE,Focal impaired awareness seizure epilepfy with deja vu and automatisms,Epilepsy
STATUSEPILEPTICUS,Seizure lasting >5 minutes or recurrent without recovery,Epilepsy
SPECT,Perfusion imaging used in ictal epilepsy localization,Epilepsy
DATSCAN,Nigrostriatal dopamine transporter imaging,
LUMBARPUNCTURE,Needle CSF access at L3-4 or L4-5 interspace,
OPENINGPRESSURE,First CSF finding measured,
XANTHOCHROMIA,Yellow CSF supernatant after hemorrhage,
OLIGOCLONAL,CSF-restricted IgG bands suggestive of MS,Demyelinating
ALBUMINOCYTOLOGIC,High CSF protein with normal cell count in GBS; _____ disassociation,
FRONTAL,"Executive function lobe, motor planning; precentral gyrus motor strip",Neuroanatomy
PARIETAL,Somatosensory integration lobe; postcentral gyrus sensory strip,Neuroanatomy
TEMPORAL,Audition and memory lobe; hippocampus and amygdala reside here,Neuroanatomy
OCCIPITAL,Primary visual cortex lobe,Neuroanatomy
INSULA,Hidden cortical region for interoception and gustation,
HIPPOCAMPUS,Medial temporal memory structure; vulnerable to hypoxia,
AMYGDALA,Limbic nucleus for emotion and fear conditioning,
THALAMUS,Relay hub for sensory and motor information,Neuroanatomy
HYPOTHALAMUS,Autonomic and endocrine master regulator,Neuroanatomy
BASALFOREBRAIN,Cholinergic nuclei important for attention and memory,
PINEAL,Melatonin-secreting gland causing Parinaud syndrome when enlarged,Oncology
PITUITARY,Endocrine master gland; macroadenomas can compress chiasm,
MIDBRAIN,Mesencephalon; location of red nucleus and substantia nigra,Neuroanatomy
PONS,Bridge containing cranial nerve nuclei V-VIII,Neuroanatomy
MEDULLA,Contains vital centers for breathing and heart rate,Neuroanatomy
CEREBELLUM,Coordinates movement and balance,Neuroanatomy
DENTATE,Largest deep cerebellar nucleus; output to thalamus,Neuroanatomy
FORAMENMAGNUM,Opening through which medulla transitions to cord; herniation risk,Neuroanatomy
CORPUSCALLOSUM,Major commissural fiber tract connecting hemispheres,
INTERNALCAPSULE,Posterior limb carries corticospinal tract fibers,Neuroanatomy
CORONARADIATA,Fan-like white matter above internal capsule,
FORNIX,Efferent pathway from hippocampus to mammillary bodies,
MAMILLARYBODY,Memory relay structure damaged in thiamine deficiency,Metabolic
CALCARINECORTEX,Primary visual cortex along calcarine sulcus,Neuroanatomy
BROCA,Inferior frontal gyrus area for speech production,Neuroanatomy
WERNICKE,Posterior superior temporal area for language comprehension,Metabolic
ANGULAR,Parietal gyrus implicated in Gerstmann syndrome,Neuroanatomy
SUPRAMARGINAL,Parietal lobe gyrus for phonologic processing,Neuroanatomy
PRECENTRAL,Primary motor cortex gyrus,Neuroanatomy
POSTCENTRAL,Primary somatosensory cortex grys,Neuroanatomy
ARCUATEFASCICULUS,White matter tract linking Broca and Wernicke areas,Metabolic
MEYERSLOOP,Temporal optic radiations causing superior quadrantanopia when lesioned,
BAUMSLOOP,Parietal optic radiations causing inferior quadrantanopia when lesioned,
SUBARACHNOIDSPACE,CSF-filled compartment between arachnoid and pia,
CHOROIDPLEXUS,CSF-producing epithelium within ventricles,
AQUEDUCTOFSYLVIUS,Cerebral aqueduct connecting third and fourth ventricles,
FOURTHVENTRICLE,Ventricular cavity dorsal to pons and medulla,Neuroanatomy
LATERALVENTRICLE,C-shaped ventricular compartments in each hemisphere,
BASALGANGLIACIRCUITS,Direct and indirect pathways modulate movement,
NUCLEUSACCUMBENS,Ventral striatum involved in reward,
PUTAMEN,Lateral basal ganglia nucleus; motor functions,
CAUDATENUCLEUS,Head atrophy causes boxcar ventricles in Huntington disease,
GLOBUSPALLIDUSEXTERNUS,Part of indirect pathway for movement inhibition,
FLAIR,MRI sequence suppressing CSF to highlight T2 lesions,Diagnostics
DWI,MRI sequence sensitive to restricted diffusion in acute stroke,Vascular
ADC,Map inverse to DWI; low values in acute infarct,Vascular
SWI,MRI sequence highlighting susceptibility from blood or iron,Diagnostics
GRE,Gradient echo sequence; sensitive to microbleeds,
VESSELWALLMRI,High-resolution imaging of intracranial vasculitis or plaque,
CAROTIDULTRASOUND,Duplex study for stenosis and plaque,Neuromuscular
TRANSCRANIALDOPPLER,Ultrasound assessing intracranial velocities and shunts,Diagnostics
EEGMONTAGE,Arrangement of electrodes for scalp recording,
SSEP,Somatosensory evoked potential for dorsal column pathways,Diagnostics
SUMATRIPTAN,Serotonin 5-HT1B/1D agonist for acute migraine,Headache
RIZATRIPTAN,Fast-acting triptan for acute migraine,Headache
ZOLMITRIPTAN,Triptan available as nasal spray for migraine,Headache
NARATRIPTAN,Longer-acting triptan used for menstrual migraine,Headache
FROVATRIPTAN,Long half-life triptan helpful for prolonged attacks,Headache
LASMIDITAN,Selective 5-HT1F agonist for acute migraine without vasoconstriction,Headache
UBROGEPANT,Oral CGRP receptor antagonist for acute migraine,Headache
RIMEGEPANT,Gepant used acutely and preventively for migraine,Headache
ATOGEPANT,Oral CGRP antagonist for preventive migraine therapy,Headache
ERENUMAB,Monoclonal antibody targeting CGRP receptor for prevention,Headache
FREMANEZUMAB,Anti-CGRP monoclonal antibody for prevention,Headache
GALCANEZUMAB,Anti-CGRP monoclonal antibody for prevention,Headache
EPTINEZUMAB,IV anti-CGRP monoclonal antibody for prevention,Headache
DIHYDROERGOTAMINE,Ergot derivative for status migrainosus,Headache
PROPRANOLOL,Beta blocker used for migraine prevention,Headache
TOPIRAMATE,Antiepileptic effective for migraine prevention,Headache
VALPROATE,Antiepileptic used for migraine prevention; teratogenic,Headache
AMITRIPTYLINE,Tricyclic antidepressant for migraine prevention,Headache
ONABOTULINUMTOXINA,Botox injection generic for chronic migraine prevention,Headache
LEVETIRACETAM,Broad-spectrum antiseizure drug; irritability side effect,Pharmacology
BRIVARACETAM,SV2A ligand similar to levetiracetam,Pharmacology
LACOSAMIDE,Enhances slow inactivation of sodium channels,Pharmacology
LAMOTRIGINE,Sodium channel blocker; risk of rash if titrated fast,Pharmacology
CARBAMAZEPINE,Sodium channel blocker; induces hyponatremia,Pharmacology
OXCARBAZEPINE,Related to carbamazepine with less enzyme induction,Pharmacology
ESLICARBAZEPINE,Once-daily sodium channel blocker,
ZONISAMIDE,Sulfonamide with carbonic anhydrase inhibition; kidney stones,Pharmacology
PERAMPANEL,AMPA receptor antagonist; behavior changes,
PHENOBARBITAL,Barbiturate used in neonatal seizures,
PHENYTOIN,Zero-order kinetics; nystagmus and ataxia with toxicity,Localization
FOSPHENYTOIN,Prodrug of phenytoin for IV loading,Pharmacology
CLOBAZAM,Benzodiazepine used in Lennox-Gastaut,Epilepsy
CLONAZEPAM,Benzodiazepine for myoclonus and absence variants,Epilepsy
DIAZEPAM,Rescue benzodiazepine for seizures,
MIDAZOLAM,Intranasal or IM benzodiazepine for status epilepticus,Epilepsy
GABAPENTIN,Alpha-2-delta ligand for focal seizures and neuropathic pain,Pharmacology
PREGABALIN,Alpha-2-delta ligand for neuropathic pain; adjunct in seizures,Pharmacology
TIAGABINE,GABA reuptake inhibitor; risk of nonconvulsive status,Pharmacology
VIGABATRIN,Irreversible GABA transaminase inhibitor; visual field loss,
FELBAMATE,NMDA antagonist with aplastic anemia risk,
RUFINAMIDE,Prolongs sodium channel inactivation; used in LGS,
CANNABIDIOL,Approved for Dravet and Lennox-Gastaut,Epilepsy
STIRIPENTOL,Adjunct for Dravet syndrome with clobazam,
FENFLURAMINE,Serotonergic agent for Dravet syndrome,
CARBIDOPALEVODOPA,Dopamine precursor with peripheral decarboxylase inhibitor,
PRAMIPEXOLE,Dopamine agonist; impulse control risk,Pharmacology
ROPINIROLE,Dopamine agonist for Parkinson disease,Movement
ROTIGOTINE,Transdermal dopamine agonist patch,
AMANTADINE,NMDA antagonist helpful for dyskinesias,Pharmacology
SELEGILINE,MAO-B inhibitor; adjunct in early PD,Pharmacology
RASAGILINE,MAO-B inhibitor for symptomatic benefit,Pharmacology
SAFINAMIDE,Reversible MAO-B inhibitor with glutamate effects,
ENTACAPONE,COMT inhibitor extending levodopa effect,Pharmacology
TOLCAPONE,COMT inhibitor; hepatotoxicity risk,
OPICAPONE,Once-daily COMT inhibitor,
DEEPBRAINSTIMULATION,Surgical therapy targeting STN or GPi,
GLATIRAMERACETATE,Co-polymer injection for relapsing MS,NeuroID
DIMETHYLFUMARATE,Oral therapy for MS; lymphopenia risk,Demyelinating
TERIFLUNOMIDE,Oral pyrimidine synthesis inhibitor; teratogenic,
FINGOLIMOD,S1P modulator; first-dose bradycardia monitoring,
NATALIZUMAB,Anti-Î±4 integrin; PML risk stratified by JCV,NeuroID
OCRELIZUMAB,Anti-CD20 monoclonal antibody; PPMS and RRMS,Demyelinating
OFATUMUMAB,Self-injected anti-CD20 for RRMS,
RITUXIMAB,Off-label anti-CD20 used in MS/NMOSD,Demyelinating
CLADRIBINE,Oral purine analog immune reconstitution therapy,
ALEMTUZUMAB,Anti-CD52 monoclonal; autoimmune risks,Demyelinating
ECULIZUMAB,Complement inhibitor approved for AQP4+ NMOSD,
INEBILIZUMAB,Anti-CD19 monoclonal for NMOSD,
SATRALIZUMAB,IL-6 receptor blocker for NMOSD,
IVIG,Intravenous treatment used in CIDP and MG exacerbations,Pharmacology
PLASMAPHERESIS,Apheresis removing pathogenic antibodies,Pharmacology
GLIOBLASTOMA,IDH-wildtype WHO grade 4 astrocytic tumor,
ASTROCYTOMA,Glial neoplasm from astrocytes; graded by WHO criteria,
OLIGODENDROGLIOMA,"IDH mutant, 1p/19q codeleted diffuse glioma",Oncology
EPENDYMOMA,Tumor of ependymal cells lining ventricles,
MEDULLOBLASTOMA,Embryonal posterior fossa tumor in children,
MENINGIOMA,Extra-axial dural-based tumor; often benign,Oncology
SCHWANNOMA,Peripheral nerve sheath tumor; Antoni A/B areas,Oncology
VESTIBULARSCHWANNOMA,CP angle tumor causing unilateral hearing loss,
NEUROFIBROMA,Peripheral nerve tumor; plexiform type in NF1,
HEMANGIOBLASTOMA,Highly vascular cerebellar tumor; VHL associated,Neuroanatomy
CRANIOPHARYNGIOMA,Suprasellar cystic tumor; bitemporal hemianopia,
PINEOBLASTOMA,Malignant pineal region tumor,Oncology
CHORDOMA,Midline notochordal tumor at clivus or sacrum,
PITUITARYADENOMA,Hormone secreting or nonfunctioning sellar adenoma,
CARCINOMATOSIS,Leptomeningeal spread of systemic cancer; meningeal ________,
CNSLYMPHOMA,Enhancing periventricular lesions; steroid sensitive; primary ________,Pharmacology
VARICELLAZOSTER,Stroke after shingles due to vessel inflammation; ______ vasculopathy,NeuroID
NEUROCYSTICERCOSIS,Parasitic brain infection with ring-enhancing lesions,NeuroID
TOXOPLASMOSIS,Multiple ring-enhancing lesions in AIDS,NeuroID
CRYPTOCOCCUS,Meningitis CSF with high opening pressure and positive antigen,NeuroID
TUBERCULOUS,Basilar meningeal enhancement with cranial neuropathies; _____ meningitis,NeuroID
LISTERIA,Gram-positive rod; consider in elderly and immunocompromised meningitis,NeuroID
NEUROBORRELIOSIS,Facial palsy or meningitis after tick exposure,NeuroID
NEUROSYPHILIS,Tabes dorsalis or general paresis; positive CSF VDRL,NeuroID
WESTNILE,Flaccid paralysis encephalitis with anterior horn cell involvement,NeuroID
ENTEROVIRAL,Self-limited aseptic meningitis in summer/fall,NeuroID
NARCOLEPSY,Excessive daytime sleepiness with SOREMPs on MSLT,
CATAPLEXY,Emotion-triggered loss of muscle tone in narcolepsy type 1,
REMBEHAVIOR,Dream enactment due to loss of atonia; _______ disorder,
SLEEPAPNEA,Repetitive upper airway obstruction causing daytime sleepiness,
RESTLESSLEGS,Urge to move legs worse at rest and evening,
ORTHOSTATICHYPOTENSION,Drop in blood pressure on standing causing lightheadedness,
POTS,Excessive heart rate increase on standing without hypotension,
GLASGOWCOMASCALE,"Eye, verbal, motor score for consciousness assessment",
FOURSCORE,Alternative coma scale including brainstem and respiration,Neurocritical
HUNTANDHESS,Subarachnoid hemorrhage clinical grading scale,
FISHER,CT blood grading for SAH vasospasm risk,Vascular
CHADSVASC,Atrial fibrillation stroke risk score,Vascular
HASBLED,Bleeding risk score in anticoagulation,
ROMBERG,Sway with eyes closed indicates proprioceptive loss,Localization
HOFFMANN,Finger flexion with flicking nail suggests UMN lesion sign,Localization
KERNIG,Hamstring pain/resistance with knee extension in meningitis sign,NeuroID
BRUDZINSKI,Hip/knee flexion with neck flexion in meningitis sign,NeuroID
HINTS,"Head impulse, nystagmus, test of skew exam for acute vestibular syndrome",
EPLEY,Canalith repositioning maneuver for posterior canal BPPV,
DIXHALLPIKE,Provocative test for posterior canal BPPV,
THORACICOUTLET,Compression of brachial plexus or subclavian vessels; _____ syndrome,Neuromuscular
LONGTHORACIC,Scapular winging from serratus anterior denervation; _____ neuropathy,
SUPRASCAPULAR,Shoulder pain with infraspinatus weakness; _____ neuropathy,
AXILLARY,Deltoid weakness after shoulder dislocation; _____ neuropathy,
FEMORAL,Quadriceps weakness with reduced knee jerk; _____ neuropathy,
OBTURATOR,Adductor weakness and medial thigh numbness; _____ neuropathy,
SCIATIC,Weakness below knee with sensory loss posterior leg; _____ neuropathy,Neuromuscular
TIBIAL,Plantar flexion weakness; tarsal tunnel entrapment; _____ neuropathy,
SURAL,Lateral foot numbness after ankle injury; _____ neuropathy,
BRACHIAL,Severe shoulder pain followed by patchy arm weakness; _____ neuritis,
LUMBOSACRAL,"Pelvic tumor, diabetes, or radiation causing leg weakness; ______ plexopathy",
AMYOTROPHY,Painful proximal weakness from diabetic plexopathy; diabetic ________,
NERVECONDUCTION,Study assesses large myelinated fibers via conduction velocity and amplitudes,
ELECTROMYOGRAPHY,Needle exam of muscle to assess denervation and MUAPs,
SINGLEFIBEREMG,Highly sensitive test for neuromuscular junction disorders,
EVOKEDPOTENTIALS,Electrical responses to sensory stimulation for pathway integrity,
HTT,Huntingtin gene with CAG expansion,
GAA,Trinucleotide repeat causing Friedreich ataxia,Localization
GFAP,Astrocytic intermediate filament; Alexander disease,
ARSA,Deficiency in metachromatic leukodystrophy,
GALC,Deficiency in Krabbe disease,
POLG,Mitochondrial polymerase mutations causing epilepsy and ataxia,NeuroID
TTR,Transthyretin gene in amyloid neuropathy,
RADICULOPATHY,Dermatomal pain and weakness from nerve root compression,
MYELOPATHY,Spinal cord dysfunction causing long tract signs,
SYRINGOMYELIA,Cavitation of spinal cord with cape-like pain/temperature loss,
TETHEREDCORD,Low conus with filum thickening; progressive leg symptoms,
EPIDURALABSCESS,"Fever, back pain, neurologic deficits; urgent decompression; spinal _______",NeuroID
SPINALEPIDURALHEMATOMA,Acute cord compression after procedure or anticoagulation,
SPINALAVFISTULA,Foix-Alajouanine myelopathy with venous congestion,
SKEWDEVIATION,Vertical ocular misalignment from otolith pathway lesion,
OCULARTILT,Head tilt with ocular torsion from vestibular imbalance; ______ reaction,
GOWER,Proximal weakness sign when rising from floor; _____ sign,
BABINSKI,Extensor plantar response indicating UMN lesion; _____ sign,Localization
CHADDOCK,Alternative plantar reflex elicitation method; _____ sign,
NEGLECT,Inattention to the side of space,Localization
FACIALPALSY,Lower motor neuron facial weakness on the,
PRONATORDRIFT,Arm pronates and drifts on the indicating UMN lesion,
OPSOCLONUS,Chaotic multidirectional saccades without intersaccadic intervals,
BACLOFEN,GABA-B agonist used for spasticity,Pharmacology
TIZANIDINE,Alpha-2 agonist for spasticity,Pharmacology
DANTROLENE,Ryanodine receptor blocker reducing muscle contraction,
TRIHEXYPHENIDYL,Anticholinergic for tremor in young PD patients,Movement
BENZTROPINE,Anticholinergic for parkinsonian tremor,Movement
PIMAVANSERIN,5-HT2A inverse agonist for PD psychosis,
RIVASTIGMINE,Cholinesterase inhibitor used in dementia,Cognitive
DONEPEZIL,Cholinesterase inhibitor for Alzheimer disease,Cognitive
GALANTAMINE,Cholinesterase inhibitor for Alzheimer disease,Cognitive
MEMANTINE,NMDA antagonist for moderate to severe Alzheimer disease,Cognitive
BROCA,"Nonfluent, effortful speech with relatively spared comprehension; _____ aphasia",Localization
WERNICKE,Fluent but meaningless speech with impaired comprehension; _____ aphasia,Localization
CONDUCTION,Impaired repetition with relatively fluent output; _____ aphasia,Localization
GLOBAL,Severe impairment in expression and comprehension; _____ aphasia,Localization
TRANSCORTICALMOTOR,Nonfluent speech with preserved repetition; _____ aphasia,Localization
TRANSCORTICALSENSORY,Fluent speech with preserved repetition but poor comprehension; _____ aphasia,Localization
ANOMIC,Word-finding difficulty with otherwise mild deficits; _____ aphasia,Localization
HOMONYMOUSHEMIANOPIA,Loss of visual field in both eyes,
SUPERIORQUADRANTANOPIA, pie in the sky' visual field defect,
INFERIORQUADRANTANOPIA, pie on the floor' visual field defect,
BITEMPORALHEMIANOPIA,Loss of temporal fields from chiasm compression,
BINASALHEMIANOPIA,"Loss of nasal fields; rare, often ocular cause",
ARTERYOFPERCHERON,Bilateral paramedian thalamic infarct artery,Vascular
RECURRENTARTERYOFHEUBNER,Supplies caudate head and anterior internal capsule,
LENTICULOSTRIATE,Deep perforator stroke vessel affecting basal ganglia/internal capsule,Vascular
ANTERIORCHOROIDAL,"Hemiparesis, hemisensory loss, homonymous hemianopia territory",
FOVILLE,Medial pontine lesion with gaze palsy and corticospinal signs; ____ syndrome,Neuroanatomy
RAYMOND,Medial pontine infarct with abducens palsy and contralateral hemiparesis; ____ syndrome,Vascular
CLAUDE,Midbrain tegmentum lesion with oculomotor palsy and ataxia; ____ syndrome,Neuroanatomy
DEJERINE,Medial medullary infarct with contralateral weakness and proprioceptive loss; ____ syndrome,Vascular
LOCKEDIN,Quadriplegia with preserved vertical eye movements and consciousness; ____ syndrome,
INSULARRIBBON,Early ischemic change on noncontrast head CT; loss of _______,
SULCALEFFACEMENT,Loss of cortical sulci from edema on CT,
FOGGING,Subacute infarct appears isodense/isointense after several days; _____ phenomenon,Vascular
LUXURYPERFUSION,Hyperemia of infarcted tissue on perfusion imaging,Diagnostics
EMPTYDELTASIGN,Filling defect in superior sagittal sinus on postcontrast imaging,
HOTCROSSBUN,Pontine cruciform T2 hyperintensity in multiple system atrophy; ____ sign,Diagnostics
HUMMINGBIRD,Midbrain atrophy pattern in progressive supranuclear palsy; ____ sign,Neuroanatomy
GIANTPANDA,Midbrain T2 pattern in Wilson disease; face of the ______,Neuroanatomy
PULVINAR,Thalamic hyperintensity in variant CJD; ____ sign,NeuroID
HYPERPERFUSION,Headache and seizures after carotid revascularization; ______ syndrome,
TRAILMAKING,Timed test of visual attention and task switching (A/B); ____ test,
CLOCKDRAWING,Bedside screen for visuospatial and executive dysfunction; ____ test,
BOSTONNAMING,Confrontation naming assessment; ____ test,
DIGITSPAN,Short-term auditory-verbal memory measure,
STROOP,Assesses selective attention and inhibitory control; ____ test,
WISCONSINCARDSORTING,Measures set shifting and problem solving; ____ test,
ANTIHU,ANNA-1 antibody causing sensory neuronopathy and encephalomyelitis,NeuroID
ANTIYO,PCA-1 antibody associated with paraneoplastic cerebellar degeneration,Vascular
ANTIRI,ANNA-2 antibody with opsoclonus-myoclonus and ataxia,Movement
AMPHIPHYSIN,Paraneoplastic stiff-person syndrome antibody,
DPPX,Antibody-mediated hyperexcitability with diarrhea and weight loss; ______ encephalitis,NeuroID
GABAB,Limbic encephalitis with seizures; small-cell lung cancer association; ______ encephalitis,NeuroID
AMPA,Limbic encephalitis with memory loss and seizures; ______ receptor encephalitis,NeuroID
GFAPASTROCYTOPATHY,Autoimmune meningoencephalomyelitis with radial perivascular enhancement,NeuroID
KCOMPLEX,EEG waveform seen in stage N2 sleep,Epilepsy
SLEEPSPINDLE,12-14 Hz bursts in stage N2 sleep,
REMATONIA,Paralysis of skeletal muscles during REM sleep,
HYPNAGOGIC,Perceptual experiences at sleep onset; _____ hallucinations,
HYPNOPOMPIC,Perceptual experiences upon awakening; _____ hallucinations,
CPAP,Positive airway pressure treatment for obstructive sleep apnea,
TINEL,"Tapping over a nerve elicits paresthesias (e.g., carpal tunnel); ___ sign",Neuromuscular
PHALEN,Wrist flexion provokes median nerve symptoms; ____ test,Neuromuscular
SPURLING,Cervical extension/rotation meanuever reproduces radicular pain,
STRAIGHTLEGRAISE,Supine test stretching L5/S1 nerve roots,
FROMENT,Thumb IP flexion indicates ulnar palsy during pinch; ____ sign,
WARTENBERG,Abducted little finger from ulnar neuropathy; _____ sign,
ADSON,Thoracic outlet maneuver reducing radial pulse; ____ test,
JAWJERK,Masseter reflex; exaggerated in pseudobulbar palsy,
SNOUT,Puckering reflex with tapping philtrum; frontal release sign,
PALMOMENTAL,Chin muscle twitch reflex with stroking thenar eminence,
GRASP,Involuntary grasping reflex with palmar stimulation,
OPPENHEIM,Toe extension sign with tibial crest stroking; UMN sign,
GORDON,Great toe extension sign with calf squeeze; UMN sign,
JENDRASSIK,Reinforcement maneuver for deep tendon reflexes,
HOLMES,Low-frequency rest and action tremor after midbrain lesions,Movement
ORTHOSTATIC,Fast 13-18 Hz tremor causing unsteadiness on standing,Movement
CAMPTOCORMIA,Marked forward flexion of trunk in Parkinson disease,Movement
PISA,Lateral trunk flexion in parkinsonism; _____ syndrome,Movement
ONOFF,Fluctuations between mobility and akinesia in PD; _____ phenomenon,Movement
PEAKDOSE,Involuntary movements at levodopa peak effect; ______ dyskinesia,Pharmacology
SIALORRHEA,Drooling due to reduced spontaneous swallowing in Parkinson disease,Movement
AUTOMATISM,Semi-purposeful repetitive behaviors during focal impaired awareness seizures,
GELASTIC,Laughing spells from hypothalamic hamartoma; ______ seizures,
DACRYSTIC,Crying spells as ictal manifestation; ______ seizures,Epilepsy
ICTALPOUTING,Chapeau de gendarme sign in frontal lobe epilepsy,Neuroanatomy
POSTICTAL,Transient confusion state or focal deficits after a seizure,Epilepsy
TODDPARALYSIS,Transient focal weakness after a seizure,Epilepsy
MESIALTEMPORALSCLEROSIS,Hippocampal atrophy and gliosis in temporal lobe epilepsy,Neuroanatomy
HYPOTHALAMICHAMARTOMA,Lesion associated with gelastic seizures and precocious puberty,
FOCALCORTICALDYSPLASIA,Developmental cortical malformation causing intractable epilepsy,
PERIVENTRICULARNODULARHETEROTOPIA,Ectopic gray matter nodules along ventricles,
LISSENCEPHALY,Smooth brain with absent or reduced gyri,
PACHYGYRIA,"Broad, reduced number of gyri",
POLYMICROGYRIA,Excess small gyri with abnormal cortical lamination,
SCHIZENCEPHALY,Gray matter-lined clefts in cerebral hemispheres,
WADATEST,Intracarotid amobarbital procedure for language/memory lateralization,
RESPONSIVENEUROSTIMULATION,Closed-loop device delivering stimulation at seizure onset,Epilepsy
LEWYBODY,Alpha-synuclein inclusion in neurons,
NEUROFIBRILLARYTANGLE,Hyperphosphorylated tau aggregates in Alzheimer disease,Cognitive
AMYLOIDPLAQUE,Extracellular beta-amyloid deposition,
PICK,Tau-positive cytoplasmic inclusion in frontotemporal dementia; ____ body,Cognitive
BUNIN,Eosinophilic inclusions in motor neurons in ALS; _____ bodies,Neuromuscular
NEGRI,Cytoplasmic inclusion in rabies infection; ____ body,NeuroID
ROSENTHALFIBERS,Eosinophilic astrocytic inclusions in pilocytic astrocytoma,
LAFORABODY,Polyglucosan inclusion in progressive myoclonus epilepsy,Movement
HOLOPROSENCEPHALY,Failure of forebrain cleavage with midline facial anomalies,
DANDYWALKERMALFORMATION,Posterior fossa cyst with vermian hypoplasia,
CHIARIIMALFORMATION,Cerebellar tonsillar ectopia below foramen magnum,Neuroanatomy
CHIARIIIMALFORMATION,Hindbrain herniation associated with myelomeningocele,Neurocritical
AGENESISOFCORPUSCALLOSUM,Absent interhemispheric commissural fibers,
SEPTOOPTIC,Optic nerve hypoplasia with midline brain defects; _____ dysplasia,
SPINALSHOCK,Flaccid paralysis and areflexia after acute cord injury,Localization
NEUROGENICSHOCK,Hypotension and bradycardia from autonomic disruption in cord injury,
AUTONOMICDYSREFLEXIA,Paroxysmal hypertension with high-level spinal cord lesions,
ANTERIORSPINAL,Midline vessel supplying anterior two-thirds of cord; ______ artery,
POSTERIORSPINAL,Paired vessels supplying dorsal columns; ______ arteries,
ADAMKIEWICZ,Major radicular artery feeding thoracolumbar cord; artery of ________,
BPPV,Episodic vertigo triggered by head position change,
HORIZONTAL,Geotropic or apogeotropic nystagmus on supine roll test; _____ canal BPPV,
HEADTHRUST,Corrective saccade for peripheral vestibulopathy; ______ test,
PSEUDOBULBARAFFECT,Involuntary laughing or crying disproportionate to mood,
BULBAR,LMN weakness of cranial nerves IX-XII; _____ palsy,
PSEUDOBULBAR,UMN dysfunction of corticobulbar pathways; _____ palsy,
FRONTALRELEASE,Primitive reflexes re-emerging with frontal lobe disease; _____ signs,Neuroanatomy
CAPGRAS,Delusion that a familiar person is replaced by an imposter; ______ syndrome,
FREGOLI,Delusion that different people are a single person in disguise; ______ syndrome,
HEMISOMATOGNOSIA,Lack of awareness of one side of the body,
SOMATOPARAPHRENIA,Belief that a limb does not belong to oneself,
LARGEVESSEL,Proximal arterial blockage suitable for thrombectomy; _____ occlusion,
MEDIUMVESSEL,Branch occlusion beyond M2/A2/P2 segments; _____ occlusion,
WAKEUP,Symptoms discovered on awakening with unknown onset time; _______ stroke,Vascular
HEMORRHAGICTRANSFORMATION,Bleeding into an ischemic infarct,Vascular
DISSECTION,Intimal tear in carotid or vertebral artery causing stroke in young,Vascular
WEB,Shelf-like defect in ICA bulb predisposing to emboli,
VASOSPASM,Delayed arterial narrowing after subarachnoid hemorrhage,
DELAYEDCEREBRALISCHEMIA,New deficits or infarct after aneurysmal SAH,Vascular
NIMODIPINE,Dihydropyridine used to prevent DCI after SAH,Vascular
NICARDIPINE,IV calcium-channel blocker for acute BP control in ICH/SAH,Vascular
ICH,Grading system predicting mortality in intracerebral hemorrhage; ____ score,Vascular
TICI,Reperfusion grading after thrombectomy; ____ score,
ROPE,Risk of paradoxical embolism score in PFO-related stroke,Vascular
ESUS,Embolic stroke of undetermined source,Vascular
PATENTFORAMENOVALE,Interatrial communication implicated in cryptogenic stroke,Vascular
GASSERIAN,Trigeminal ganglion in Meckel cave,Neuroanatomy
GENICULATE,Facial nerve sensory ganglion in facial canal,Neuroanatomy
CILIARY,Parasympathetic ganglion for pupil constriction,
OTIC,Parasympathetic ganglion to parotid gland via CN IX,Neuroanatomy
PTERYGOPALATINE,Parasympathetic ganglion to lacrimal and nasal glands,
AMBIGUUS,Motor nucleus for CN IX and X controlling larynx/pharynx,Neuroanatomy
SOLITARIUS,Visceral sensory nucleus for taste and baroreception,
EDINGERWESTPHAL,Parasympathetic preganglionic nucleus of CN III,Neuroanatomy
FACIALCOLLICULUS,Pons floor bump from CN VII fibers looping around CN VI nucleus,Neuroanatomy
AMAN,Acute motor axonal neuropathy variant of Guillain-BarrÃ©,
AMSAN,Acute motor-sensory axonal neuropathy variant of GBS,
POEMS,"Polyneuropathy with organomegaly, endocrinopathy, M protein, skin changes",
CANOMAD,Chronic ataxic neuropathy with ophthalmoplegia and cold agglutinins,
HSAN,Hereditary sensory and autonomic neuropathy group of disorders,
KENNEDY,X-linked spinal and bulbar muscular atrophy; _____ disease,
APNEATEST,Assessment of brainstem function by CO2 rise without respiratory effort,
OCULOCEPHALIC,Doll's eyes test for brainstem integrity; ______ reflex,
COUGH,Tracheal stimulation response absent in brain death; ______ reflex,Neurocritical
CORNEAL,Blink response to corneal touch; ______ reflex,
MANGANESE,Parkinsonism with T1 hyperintensity in globus pallidus; heavy metal toxicity,Movement
NITROUSOXIDE,Subacute combined degeneration mimic from B12 inactivation; _____ myelopathy,Metabolic
LEAD,Motor-predominant heavy metal neuropathy with wrist/finger drop,
ARSENIC,Painful sensorimotor heavy metal axonopathy after exposure,
ORGANOPHOSPHATE,"Cholinergic crisis with miosis, bronchorrhea, weakness; _____ poisoning",Localization
CARBONMONOXIDE,Delayed neurologic sequelae with globus pallidus lesions; _____ poisoning,
TIMEDUPANDGO,"Functional mobility test measuring time to stand, walk, and sit",
FESTINATING,"Short, accelerating steps in Parkinson disease; _____ gait",Movement
WIDEBASED,Ataxic gait with increased base of support; _____ gait,Localization
STEPPAGE,High stepping due to foot drop; _____ gait,Localization
MAGNETIC,Difficulty initiating steps in normal pressure hydrocephalus; _____ gait,Localization
HASHIMOTOENCEPHALOPATHY,Steroid-responsive encephalopathy associated with thyroid autoimmunity,Pharmacology
CLIPPERS,Pontine perivascular enhancement responsive to steroids,
ACUTEHEMORRHAGICLEUKOENCEPHALITIS,Fulminant ADEM variant with rapid decline,NeuroID
GFAP,Astrocytic filament antibody in autoimmune meningoencephalomyelitis,NeuroID
BALINT,"Simultanagnosia, optic ataxia, and ocular apraxia; ____ syndrome",Localization
SIMULTANAGNOSIA,Inability to perceive more than one object at a time,
OPTICATAXIA,Misreaching for visual targets with intact motor/sensory systems,
OCULARAPRAXIA,Difficulty initiating purposeful saccades,
PLEDS,Periodic lateralized epileptiform discharges on EEG,Epilepsy
GPEDS,Generalized periodic epileptiform discharges,
BURSTSUPPRESSION,Alternating high-voltage bursts and flat intervals on EEG,Epilepsy
TRIPHASICWAVES,EEG pattern seen in metabolic encephalopathy,Epilepsy
HYPSARRHYTHMIA,Chaotic high-amplitude pattern in infantile spasms,Epilepsy
GAMMAKNIFE,Stereotactic radiosurgery device using cobalt-60 beams,
HEMICRANIECTOMY,Decompressive removal of skull flap for malignant edema,
CRANIOPLASTY,Repair of skull defect after craniectomy,
INFERIOR,Restiform peduncle carrying afferents to cerebellum,Neuroanatomy
SUPERIORCOLLICULUS,Tectal structure mediating saccades and visual orientation,
INFERIORCOLLICULUS,Auditory midbrain relay nucleus,Neuroanatomy
MEDIALLONGITUDINAL,Brainstem fasciculus coordinating eye movements and vestibular input,
PRETECTAL,Midbrain region area mediating pupillary light reflex,Neuroanatomy
ANTERIOR,Fiber tract commisure connecting temporal lobes,
POSTERIOR,Fiber tract commisure near pineal region linked to vertical gaze,Oncology
GABAA,Ligand-gated chloride channel targeted by benzodiazepines,
GABAB,Metabotropic receptor targeted by baclofen,Pharmacology
NMDA,Glutamate receptor with voltage-dependent Mg2+ block,
AMPA,Ionotropic glutamate receptor mediating fast excitatory transmission,
NICOTINIC,Ligand-gated ion channel at neuromuscular junction; ______ acetylcholine,
OPHTHALMIC,V1 branch of trigeminal nerve,Neuroanatomy
MAXILLARY,V2 branch of trigeminal nerve,Neuroanatomy
MANDIBULAR,V3 branch of trigeminal nerve,Neuroanatomy
CHORDATYMPANI,Branch of facial nerve carrying taste and parasympathetics,Neuroanatomy
GREATERPETROSAL,Facial nerve branch to pterygopalatine ganglion,Neuroanatomy
NERVUSINTERMEDIUS,Sensory/parasympathetic component of facial nerve,Neuroanatomy
GAZEDEVIATION,Eyes pointed toward a direction due to frontal eye field lesion,
EXTINCTION,Failure to detect stimuli on the with double simultaneous stimulation,
FETALPCA,Posterior cerebral artery arises from internal carotid via PCom,
DAWSONFINGERS,Ovoid periventricular lesions perpendicular to ventricles in MS,Demyelinating
UFIBER,Subcortical myelin preservation favoring leukodystrophy over hypoxic change; _____ sparing,
BLACKHOLESINMS,T1 hypointense chronic lesions indicating axonal loss,Diagnostics
OPENRINGSIGN,Incomplete ring enhancement suggesting demyelination,
HIGHVOLUMETAPTEST,Large-volume lumbar puncture assessing gait improvement in NPH,Localization
CSFFLOWVOIDSIGN,Sagittal T2 flow signal in aqueduct/ventricles in NPH,Diagnostics
HYPERAMMONEMIA,Elevated ammonia causing encephalopathy,
UREMIC,Cognitive and neuromuscular dysfunction in renal failure; _____ encephalopathy,
HYPOGLYCEMIC,Convulsions precipitated by low blood glucose; _____ seizures,
DYSDIADOCHOKINESIA,Impaired rapid alternating movements from cerebellar dysfunction,Neuroanatomy
CAVERNOUSSINUSTHROMBOSIS,Septic thrombosis causing ophthalmoplegia and chemosis,
CEREBRALVENOUSSINUSTHROMBOSIS,Headache with papilledema from dural sinus clot,
DURALARTERIOVENOUS,Abnormal shunt fistula causing pulsatile tinnitus and neuro symptoms,
CAROTIDCAVERNOUS,"Traumatic shunt fistula with red eye, bruit, and diplopia",
APOPLEXY,Acute hemorrhage/infarct of pituitary causing headache and vision loss,Vascular
TEMPORAL,Giant cell arteritis causing headache and risk of vision loss,
PSEUDOTUMORCEREBRI,Old name for idiopathic intracranial hypertension,
HYPOTENSION,Orthostatic headache from CSF leak due to spontaneous intracranial _______,
BLOODPATCH,Treatment for CSF leak-related orthostatic headache,
ORTHOSTATIC,"Headache worse upright, relieved by lying down",
RAMSAYHUNT,Herpes zoster oticus with facial palsy and ear vesicles; ______ syndrome,
VESTIBULARMIGRAINE,Recurrent vertigo episodes associated with migraine features,Headache
MALDEDEBARQUEMENT,Persistent rocking sensation after motion exposure,
OSCILLOPSIA,Illusion of visual world bouncing from impaired gaze stabilization,
OCULOGYRIC,Upward tonic eye deviation from dopamine blockade; _____ crisis,
BLEPHAROSPASM,Involuntary eyelid closure dystonia,Movement
MEIGE,Cranial dystonia with blepharospasm and oromandibular dystonia; ______ syndrome,Movement
CERVICALDYSTONIA,Torticollis from involuntary neck muscle contractions,
WRITERSCRAMP,Task-specific hand dystonia during writing,Movement
TASKSPECIFICDYSTONIA,Abnormal muscle activation limited to specific skilled tasks,
FUNCTIONALNEUROLOGICALDISORDER,Positive-sign based diagnosis of incongruent neurologic symptoms,
HOOVER,Inconsistent hip extension effort indicating functional weakness; _____ sign,
RADIALTUNNEL,Pain and weakness from posterior interosseous nerve compression; ______ syndrome,
ANTERIORINTEROSSEOUS,Weak pinch with intact sensation; branch of median nerve; _______ neuropathy,Neuromuscular
POSTERIORINTEROSSEOUS,Finger and wrist extension weakness; radial branch; _______ neuropathy,
PRONATORTERES,Median nerve entrapment in proximal forearm; ______ syndrome,Neuromuscular
ERBPALSY,Upper trunk brachial plexus palsy with 'waiter's tip' arm,Neuromuscular
KLUMPKEPALSY,Lower trunk plexus injury with hand weakness; may have Horner syndrome,Neuromuscular
ADIETONICPUPIL,Dilated pupil with poor light response and denervation supersensitivity,
ARGYLLROBERTSONPUPIL,Small pupils that accommodate but do not react to light,
MARCUSGUNNPUPIL,Relative afferent pupillary defect on swinging flashlight test,
LIGHTNEARDISSOCIATION,Better constriction to near than to light,
MUSK,Muscle-specific kinase antibody in seronegative myasthenia gravis,Neuromuscular
THYMOMA,Anterior mediastinal tumor associated with myasthenia gravis,Neuromuscular
SINGLEFIBERJITTER,Increased variability on EMG in neuromuscular junction disorders,Diagnostics
REDUCEDRECRUITMENT,"EMG pattern with fewer, larger motor units in neurogenic lesions",Diagnostics
SMALLFIBERSKINBIOPSY,Intraepidermal nerve fiber density test for small fiber neuropathy,
NERVEULTRASOUND,High-resolution imaging for entrapment and neuropathy,
TILTTABLETEST,Autonomic evaluation provoking orthostatic symptoms,
VALSALVAMANEUVER,Autonomic testing component assessing baroreflex,
LEIGHSYNDROME,Subacute necrotizing encephalomyelopathy in infancy,
ALPERSSYNDROME,POLG-related epileptic encephalopathy with liver failure,
ADRENOMYELONEUROPATHY,Adult-onset X-linked adrenoleukodystrophy with spastic paraparesis,Localization
KRABBE,Galactocerebrosidase deficiency leukodystrophy,
METACHROMATICLEUKODYSTROPHY,Arylsulfatase A deficiency causing demyelination,
ALEXANDER,GFAP mutation leukodystrophy with Rosenthal fibers,
CANAVAN,Aspartoacylase deficiency with spongy leukodystrophy,
PELIZAEUSMERZBACHER,PLP1-related hypomyelinating leukodystrophy,
VANISHINGWHITEMATTERDISEASE,eIF2B-related childhood ataxia and hypomyelination,Localization
RETTSYNDROME,MECP2-related neurodevelopmental regression with hand stereotypies,
ANGELMANSYNDROME,"UBE3A disorder with ataxia, seizures, and laughter",Localization
NIEMANNPICKTYPEC,Cholesterol trafficking disorder with vertical gaze palsy,
TAYSACHS,Hexosaminidase A deficiency with cherry-red macula,
SUBACUTECOMBINEDDEGENERATION,B12 deficiency causing dorsal column and corticospinal dysfunction,Neuroanatomy
CORTICOBASALDEGENERATION,Asymmetric parkinsonism with apraxia and alien limb,Movement
PARKINSONISMHYPERPYREXIA,Life-threatening akinesia and hyperthermia after dopaminergic withdrawal,Movement
NEUROLEPTICMALIGNANTSYNDROME,"Rigidity, hyperthermia, and autonomic instability from dopamine block",Movement
SEROTONINSYNDROME,"Hyperreflexia, clonus, and agitation from serotonergic excess",Localization
DYSTONICSTORM,Severe generalized dystonia with autonomic instability,Movement
SUPERREFRACTORYSTATUSEPILEPTICUS,Seizures persist beyond 24 hours despite anesthetics,
NORSE,New-onset refractory status epilepticus of unclear etiology,Epilepsy
FIRES,Febrile infection-related epilepsy syndrome,NeuroID
ACUTEFLACCIDMYELITIS,Poliomyelitis-like illness with anterior horn cell involvement,NeuroID
PACHYMENINGITIS,Hypertrophic dura from IgG4-related disease,NeuroID
CSFLEAK,Spinal or cranial breach causing low-pressure headaches,
KAYSERFLEISCHERRING,Corneal copper deposition in Wilson disease,
POSTERIORCOMMUNICATINGARTERY,Connecting vessel between ICA and PCA,Vascular
ANTERIORCOMMUNICATINGARTERY,Vessel connecting the two ACAs,
SUPERIORSAGITTALSINUS,Major dural venous sinus along the midline,
TRANSVERSESINUS,Paired dural venous sinus draining to sigmoid,
SIGMOIDSINUS,Dural venous sinus continuing to internal jugular vein,
CAVERNOUSSINUS,"Venous plexus around sella with cranial nerves III, IV, V1, V2, VI",Neuromuscular
CAROTIDSIPHON,Curved intracranial segment of internal carotid artery,
DEEPCEREBRALVENOUSSYSTEM,"Internal cerebral veins, vein of Galen, straight sinus",
VEINOFGALENMALFORMATION,High-flow neonatal AV shunt causing heart failure and macrocephaly,
PITUITARYMACROADENOMA,Large sellar tumor compressing optic chiasm,
OPTICCHIASMCOMPRESSION,Bitemporal field loss from sellar or parasellar mass,
CEREBELLARTONSILLARECTOPIA,Inferior displacement of tonsils at foramen magnum,
MIDLINESHIFT,Displacement of septum pellucidum from mass effect,
DIFFUSEAXONALINJURY,Traumatic shearing injury with microhemorrhages in white matter,
RANCHOLOSAMIGOSSCALE,Ten-level cognitive scale for TBI recovery,NeuroID
POSTTRAUMATICAMNESIA,Interval of memory loss after head injury,
ANTERIORINTEROSSEOUSSYNDROME,Pure motor median branch palsy with OK sign weakness,
GUYONCANAL,Ulnar nerve compression at wrist canal,Neuromuscular
CUBITALTUNNELSYNDROME,Ulnar entrapment at the elbow,
RADIALHEADSUBLUXATION,Nursemaid elbow affecting annular ligament; radial nerve usually spared,
NECKTONGUESYNDROME,Transient C2 neuralgia with tongue dysesthesia on neck movement,
BRACHIORADIALISREFLEX,C6-mediated forearm reflex at radial styloid,
PATELLARREFLEX,L3-L4 mediated knee jerk,
ACHILLESREFLEX,S1-S2 mediated ankle jerk,
ASTASIA,Inability to maintain upright posture despite normal leg strength,
ABASIA,Inability to walk despite preserved leg movements while lying,
THALAMICPAINSYNDROME,Central post-stroke pain after thalamic injury,Vascular
ALIENHANDSYNDROME,Complex involuntary movements with loss of agency,
CENTRALCORDHYPEREXTENSION,Disproportionate arm weakness after cervical injury,
AMAUROSISFUGAX,Transient monocular blindness usually from carotid emboli,
ANTERIORISCHEMICOPTICNEUROPATHY,Pale swollen disc with sudden vision loss,
CENTRALRETINALARTERYOCCLUSION,Painless monocular vision loss with cherry-red spot,
CENTRALRETINALVEINOCCLUSION,Painless vision loss with 'blood and thunder' fundus,
MYERSONSIGN,Persistent glabellar tap blink in Parkinson disease,Movement
HINTSPLUS,HINTS exam with new hearing loss to detect stroke in vertigo,Vascular
DUKECRITERIAENDOCARDITIS,Neurologic embolic strokes part of complications,
HEIMANNBIELSCHOWSKYPHENOMENON,Head tilt in superior oblique palsy to minimize diplopia,
SKULLBASEOSTEOMYELITIS,Malignant otitis externa causing cranial neuropathies,NeuroID
PHOTOSENSITIVEEPILEPSY,Seizures triggered by flashing lights,
STARTLEEPILEPSY,Reflex seizures precipitated by sudden auditory stimuli,
MUSICOGENICEPILEPSY,Reflex seizures triggered by specific music,
REFLEXSYNCOPE,Vasovagal faint with prodrome and rapid recovery,
ORTHOSTATICSYNCOPE,Loss of consciousness from standing due to hypotension,
CAROTIDSINUSHYPERSENSITIVITY,Syncope triggered by neck pressure or tight collars,
POSTURALORTHOSTATICTACHYCARDIA,Excessive heart rate rise on standing without hypotension,
NEUROCARDIOGENICSYNCOPE,Common faint due to autonomic reflex,
OPSOCLONUSMYOCLONUSATAXIA,Paraneoplastic or post-infectious with chaotic saccades,NeuroID
EPISODICATAXIA,Brief spells of ataxia often due to channelopathy,Localization
HEMIPLEGICMIGRAINE,Migraine with transient unilateral weakness,Headache
SPORADICHEMIPLEGICMIGRAINE,Hemiplegic migraine without known familial mutation,Headache
FAMILIALHEMIPLEGICMIGRAINE,CACNA1A-linked migraine with motor aura,Headache
ALIENLIMBPHENOMENON,Loss of sense of ownership causing unwanted limb movements,
SUBFALCINE,Cingulate gyrus herniation under falx cerebri,Neuroanatomy
RASMUSSEN,Chronic focal epilepsy with inflammation; _____ encephalitis,NeuroID
PRION,Transmissible spongiform encephalopathy,NeuroID
FLOWVOID,Signal loss where blood moves fast on T2,Diagnostics
HYPERMOTOR,Epileptic thrashing or bicycling like movements; ______ seizure,Epilepsy
MENSTRUALMIGRAINE,Headache attacks linked to menstrual cycle,
DULOXETINE,SNRI for neuropathic pain,
KRABBE,GALC deficiency leukodystrophy,
ABULIA,Severe reduction in drive,
RUBROSPINALTRACT,Extrapyramidal motor pathway,
MALIGNANTHYPERTHERMIA,Anesthetic triggered hypermetabolic crisis,
RETINALMIGRAINE,Monocular visual disturbance with pain,
DISINHIBITION,Socially inappropriate behavior,
PILOCYTICASTROCYTOMA,Benign cerebellar astrocytoma in youth,Neuroanatomy
DURETHEMORRHAGE,Linear bleed in brainstem with shift,
PARAGANGLIOMA,Extra adrenal neuroendocrine tumor,
CUNEATEFASCICULUS,Dorsal column tract for arms,
CALFPSEUDOHYPERTROPHY,Enlarged calves from muscle tissue change,
MAMMILLARYBODIES,Memory relay damaged in thiamine loss,Metabolic
FASTIGIALNUCLEUS,Midline deep cerebellar nucleus,Neuroanatomy
BELLSPALSY,Acute lower motor neuron facial palsy,
NEUROSARCOIDOSIS,Granulomatous inflammation of nervous system,
TRIGEMINALAUTONOMICEPHALALGIA,Group of TAC headache disorders,Headache
SCAPULARWINGING,Medial border lifts from rib cage,
SUBEPENDYMALGIANTCELLASTROCYTOMA,Tuberous sclerosis related mass,
HEMANGIOPERICYTOMA,Vascular tumor once called HPC,
COLLAGENSIXMYOPATHY,Extracellular matrix myopathy group,Neuromuscular
PRISMADAPTATION,Optical therapy for neglect,Localization
CRESTENTSIGN,Subdural shape on CT,
MYOFIBRILLARMYOPATHY,Z disk protein aggregate myopathy,Neuromuscular
PRIMARYTHUNDERCLAPHEADACHE,Sudden severe pain resembling SAH,Vascular
ENTORHINALCORTEX,Gateway to hippocampus,
PSEUDODEMENTIA,Depression related cognitive deficits,
VENTRALPOSTEROLATERALNUCLEUS,Thalamic relay for body sensation,
HYPERSOMNOLENCE,Excess daytime sleepiness,
ANOSODIAPHORIA,Indifference to neurologic deficit,
APATHY,Lack of motivation for goal actions,
SPOTSIGN,CTA contrast pooling within bleed,Diagnostics
MOLARTOOTHSIGN,Sign in Joubert malformation,
ICTALAUTONOMICCHANGES,Pulse or pupils change during seizures,
SPIKEWAVE,Generalized 3 Hz morphology,
INTRACRANIALATHEROSCLEROSIS,Plaque buildup inside brain arteries,
CENOBAMATE,Newer sodium blocker for focal seizures,
ICEPICKHEADACHE,Short stabbing cranial pain,
NEWDAILYPERSISTENTHEADACHE,Headache beginning abruptly and daily,
EMERYDREIFUSS,Laminopathy with contractures,
FOOTDROP,High stepping due to dorsiflexor loss,
DYSEMBRYOPLASTICNEUROEPITHELIAL,Childhood cortical epilepsy tumor,
OCULARMYASTHENIA,Weakness limited to extraocular muscles,
PENUMBRA,Hypoperfused but salvageable tissue,
OPHTHALMOPLEGICMIGRAINE,Ocular motor neuropathy with migraine,Headache
VENOUSSINUSTHROMBOSIS,Clot in dural drain channels,
GRACILEFASCICULUS,Dorsal column tract for legs,
CENTRALCORE,RYR1 related congenital myopathy,Neuromuscular
HOMOCYSTINURIA,Thrombotic risk with lens dislocation,
PROSODYIMPAIRMENT,Abnormal rhythm of speech,
ADRENOLEUKODYSTROPHY,Very long chain fatty acid disorder,
INTENTIONTREMOR,Shaking with outstretched arms,
CSFRHINORRHEA,Clear nasal fluid from CSF leak,
LATERALFEMORALCUTANEOUSNEUROPATHY,Sensory loss anterolateral thigh,
CENTRALNEUROCYTOMA,Intraventricular neuronal tumor,
MONONEURITISMULTIPLEX,Patchy painful multiple nerve deficits,
PANAYIOTOPOULOSSYNDROME,Early onset visual seizures in kids,
COREINFARCTVOLUME,Estimate of dead brain tissue,
GHOSTINGARTIFACT,Repeated faint replicas in phase,
CATAPLEXYATTACK,Emotion triggered loss of tone,
DYSTONICPOSTURE,Task specific hand dystonia,Movement
CONSTRUCTIONALAPRAXIA,Impaired block design type tasks,
NEUROREHABILITATION,Therapy after brain or spine injury,
PHOTOPSIA,Perception of flashes of light,
CALLOSOTOMY,Resection of corpus callosum,
LEPTOMENINGEALCOLLATERALS,Pial channels recruited in ischemia,
APRAXIAOFSPEECH,Motor planning for speech impaired,
INSOMNIA,Persistent difficulty initiating sleep,
VAOVASALSYNCOPE,Common faint due to reflex loop,
NEMALINEMYOPATHY,Rod bodies on muscle biopsy,Diagnostics
INFERIORLONGITUDINALFASCICULUS,Occipito temporal visual pathway,
LATERALGENICULATEBODY,Visual thalamic relay nucleus,
INTRACRANIALHYPERTENSION,Elevated intracranial pressure,Neurocritical
HEREDITARYATAXIA,Inherited gait and coordination disorder,Localization
RACOONEYES,Periorbital ecchymoses sign,
VENTRALPOSTEROMEDIALNUCLEUS,Thalamic relay for face sensation,
SERONEGATIVEMYASTHENIA,Autoimmune fatigue without AChR antibodies,Demyelinating
POSTURALTREMOR,Abnormal sustained posture,
NONREMAROUSALDISORDERS,Confusional arousals and sleepwalking,
APMERIDIAN,Visual field meridian for perimetry,
SEMANTICDEMENTIA,Loss of word meaning with fluent speech,
CIRCADIANPHASEDELAY,Delayed internal clock timing,
LARGEFIBERNEUROPATHY,Loss of vibration and numbness,
PITOLISANT,Histamine three inverse agonist for narcolepsy,
VENTRALTEGMENTALAREA,Dopamine neurons of midbrain,Neuroanatomy
HERPESSIMPLEX,Temporal lobe encephalitis,NeuroID
HYPNAGOGICHALLUCINATIONS,Vivid perceptions at sleep onset,
TONGUEATROPHY,Wasting of lingual musculature,
RILUZOLE,ALS medication modest survival benefit,Neuromuscular
ARMODAFINIL,Longer acting modafinil isomer,
PARAHIPPOCAMPALGYRUS,Medial temporal cortical area,
COUNTRECOUP,Bruise opposite the impact site; coup _____,
ECHOLALIA,Repeating words just heard,
PAROXSYSMALHEMICRANIA,Short unilateral attacks; indomethacin responsive,
SPINOCEREBELLAR,Proprioceptive cerebellar fiber tract,Neuroanatomy
SUBDURALGRID,Strip electrodes for seizure mapping,Epilepsy
POSTPRANDIALHYPOTENSION,Low pressure after meals in elderly,
AMOTROPHY,Painful proximal weakness in diabetes,
CAPILLARYTELANGIECTASIA,Small capillary vascular anomaly,
ENVIRONMENTALDEPENDENCE,Automatic use of nearby objects,
TIGERSTRIPE,Striped pontine T2 pattern,Diagnostics
MICROGRAPHIA,Tiny handwriting,
CADASIL,NOTCH3 related small vessel strokes,
MEDIALGENICULATE,Auditory thalamic relay nucleus,
OPTOKINETIC,Reflex eye movements to moving stripes; _____ nystagmus,
ANAPLASTIC,Grade three astrocytic tumor; ______ astrocytoma,
BETHLEMYOPATHY,COL6 related congenital weakness,
SCLEROSINGPANENCEPHALITIS,Persistent measles related encephalitis; subacute ________,NeuroID
MEDIALLEMNISCUS,Ascending touch pathway from dorsal columns,
ECHOPRAXIA,Imitation of another's movements,
LEIGH,Mitochondrial complex issue in infancy; _____ encephalopathy,
NUCLEUSBASALIS,Cholinergic source for cortex,Neuroanatomy
DURALTAIL,Enhancing connection in meningioma,Oncology
TECTOSPINAL,Head and eye reflex tract,
UNCALHERNIATION,Medial temporal lobe moving through tentorial notch,Neuroanatomy
ATHETOSIS,Snake like distal movements,Movement
VZVGANGLIONITIS,Sensory ganglion inflammation by VZV,NeuroID
SUNCT,Short attacks with tearing and redness,Headache
HORNERS,Ptosis miosis anhidrosis together,Localization
EDARAVONE,Free radical scavenger for ALS,Neuromuscular
DEUTETRABENAZINE,VMAT2 inhibitor with deuterium,
PULVINAR,Thalamic visual attention nucleus,
TRAMTRACKCALCIFICATIONS,Calcifications in Sturge Weber,Localization
CHOROIDPLEXUSPAPILLOMA,Ventricular tumor from choroid epithelium,
DURALSINUSFISTULA,Abnormal shunt in dura mater,
NUCLEUSRAPHEMAGNUS,Serotonin cell group in medulla,Neuroanatomy
CERVICOGENICHEADACHE,Headache from neck structures,
SUPRACHIASMATICNUCLEUS,Master clock of circadian rhythm,
UNCINATEFASCICULUS,Temporal frontal connector,
IDEOMOTORAPRAXIA,Difficulty performing learned gestures,
COTARDSYNDROME,Delusion of being already dead,
TETRABENAZINE,VMAT2 inhibitor for chorea,Movement
ADIE,Dilated pupil with poor light response,
NORTRIPTYLINE,TCA for neuropathic pain,
NEUROFIBROMATOSIS,Genetic tumor syndrome type 1,
ICH,Score predicting hemorrhage outcome,Vascular
LOGOPENICAPHASIA,Word retrieval variant of language loss,
BATTLESSIGN,Postauricular ecchymosis sign,
BRAINDEATHTESTING,Assessment protocol for no brain function,
MOTIONARTIFACT,Blur from patient movement,
ALPERSHUTTENLOCHER,POLG related epileptic encephalopathy,
PUREAUTONOMICFAILURE,Neurodegenerative autonomic failure,
PLEXIFORMNEUROFIBROMA,Nerve tumor with bag of worms feel,
WESTNILE,Flaccid paralysis virus with anterior horn loss,NeuroID
SCIATICA,Leg pain due to nerve root irritation,
NECROTIZINGAUTOIMMUNEMYOPATHY,Statin or SRP antibody related weakness,
RABIES,Hydrophobia and aerophobia with encephalitis,NeuroID
INFERIOROLIVE,Medullary olive involved in learning,
IDIOPATHICHYPERSOMNIA,Long sleep time with sleep inertia,
ARTERIALDISSECTION,Intimal tear of cervical vessel,
NEONATALMYASTHENIA,Transient weakness in newborn of MG mother,
MIDDLEMENINGEALARTERY,Artery linked to epidural hemorrhage,
RATHKECLEFTCYST,Sellar cyst of pars intermedia,
MODAFINIL,Wakefulness promoting agent,
SPINOCEREBELLARATAXIA,Group of polyglutamine ataxias,
FOCALTOBILATERALTONICCLONIC,Spread from focal onset to both sides,
OPHTHALMOPARESIS,Limited range of eye movements,
PML,JC virus infection of brain,NeuroID
CANAVAN,ASPA deficiency white matter disease,
LATERALLEMNISCUS,Auditory brainstem pathway,
MORTONNEUROMA,Plantar nerve lesion between toes,
NEUROFIBROMATOSIS,Genetic tumor syndrome type 2,
HYPOMIMIA,Classic thumb finger tremor,Movement
TIMEOFLIGHTANGIOGRAPHY,Non contrast MRA method,Diagnostics
TOXOPLASMOSIS,Multiple ring enhancing lesions in AIDS,NeuroID
REMSLEEPBEHAVIORDISORDER,Acting out dreams due to no atonia,
PERIODICLIMBMOVEMENTSLEEP,Repetitive kicks during sleep,
SLEEPPARALYSIS,Transient inability to move on waking,
OCCIPITALNEURALGIA,Posterior scalp pain from nerve,
KLEINELEVIN,Recurrent hypersomnia cycles,
SUNASYNDROME,Short head pain attacks with autonomic signs,
CHOREOATHETOSIS,Excess of involuntary motions,
DIFFUSEMIDLINGLIOMA,H3K27 altered diffuse brain tumor,
SCOTOMABLINK,Blind spot perception during blink,
EVEROLIMUS,mTOR inhibitor for tuberous sclerosis,
FATIGABLEDIPLOPIA,Double vision worsens with use,
CUSHINGTRIAD,Hypertension bradycardia irregular breaths,
OROMANDIBULARDYSTONIA,Single body region dystonia,Movement
FRONTALLOBESYNDROME,Dysexecutive behavioral pattern,
FOCALDYSTONIA,Soft palate rhythmic jerks,
MYORHYTHMIA,Unilateral facial contractions,
CONVERGENCEINSUFFICIENCY,Difficulty maintaining near vision,
TARSALTUNNELSYNDROME,Posterior tibial nerve entrapment,
HABENULA,Epithalamic relay near pineal,Oncology
ICTALSCREAM,Sharp cry at seizure beginning,Epilepsy
ELECTRICALIMPEDANCE,Skin response to applied current,
HOFMANNREFLEX,Finger flexion with flick to nail,
APIXABAN,Factor Xa inhibitor,
ACUTEDEM,Acute disseminated encephalomyelitis,NeuroID
DRAVETSYNDROME,SCN one A related epilepsy,
GLATIRAMER,Random copolymer for MS,NeuroID
SPURLINGTEST,Neck extension rotation reproduces radicular pain,
ANTERIORCEREBRALARTERY,Supplies medial frontal and parietal lobes,
STRAIGHTSINUS,Dural venous channel to confluence,
PARSONAGETURNER,Acute brachial neuritis severe pain,
ARACHNOIDGRANULATIONS,Sites of CSF absorption,
POSTERIORCEREBRALARTERY,Supplies occipital and inferior temporal lobes,
DABIGATRAN,Direct thrombin inhibitor,
ROMBERGTEST,Sway with eyes closed feet together,
BACLOFENPUMP,Implanted spasticity therapy,
PYRIDOSTIGMINE,Acetylcholinesterase blocker,
ASPIRIN,Irreversible COX inhibitor,
RIVAROXABAN,Oral factor Xa inhibitor,
CLOPIDOGREL,P2Y12 antiplatelet agent,
POSTHERPETICNEURALGIA,Chronic neuropathic pain after shingles,NeuroID
RESTLESSLEGSSYNDROME,Urge to move limbs at night,
FORAMENOFMONRO,Connects lateral to third ventricle,
NEUROBEHCET,Systemic vasculitis with neurologic lesions,
LENNOXGASTAUT,Severe childhood epilepsy with multiple seizure types,Epilepsy
VERTEBRALARTERY,Supplies posterior circulation,
MILLERFISHERSYNDROME,Ophthalmoplegia areflexia ataxia,Localization
SYRINGOBULBIA,Fluid cavity extends into brainstem,
TICAGRELOR,Reversible P2Y12 blocker,
NALOXONE,Opioid receptor antagonist,
FLUMAZENIL,Benzodiazepine reversal agent,
MOYAMOYA,Progressive steno occlusive arteriopathy,
BASILARARTERY,Formed by vertebral arteries,
ICEPACKTEST,Quick cooling improves ptosis in MG,Localization
INTERNALCAROTIDARTERY,Supplies anterior circulation,
ETHOSUXIMIDE,First line for absence,Epilepsy
MOCA,Ten minute screen for cognition,Diagnostics
WARFARIN,Vitamin K antagonist,
ANTERIORCHOROIDALARTERY,Small branch to optic tract and capsule,
OPTICATROPHY,Pale optic disc from axon loss,
ANOSMIA,Loss of smell sensation,
AGEUSIA,Loss of taste sensation,
HYPOGEUSIA,Reduced taste perception,
DYSGEUSIA,Distorted taste perception,
AGEUSIASECONDARY,Taste loss due to another condition,
ADYNAMIA,Marked lack of strength,
APALLICSYNDROME,Wakefulness without awareness,
ANHEDONIA,Inability to feel pleasure,
ANERGIA,Pathological lack of energy,
DYSPHASIA,Impaired language function,
ANOMIA,Difficulty retrieving words,
DYSPHONIA,Abnormal voice quality,
PARAPARESIS,Weakness of both legs,Localization
QUADRIPARESIS,Weakness of all four limbs,Localization
PARAPLEGIA,Paralysis of both legs,
HYPERESTHESIA,Increased sensitivity to touch,
HYPOESTHESIA,Reduced sensitivity to touch,
ALLODYNIA,Pain from normally nonpainful touch,
HYPERALGESIA,Increased pain from painful stimuli,
ANALGESIA,Loss of pain perception,
BOTULISM,Neurotoxin blocking acetylcholine release,NeuroID
CAUDAEQUINASYNDROME,Saddle anesthesia with areflexic bladder,
NEUROPATHICPAIN,Burning or shooting pain quality,
AUTONOMICDYSFUNCTION,Blood pressure and heart rate issues,
MILLARDSYNDROME,Pons lesion with facial and abducens,Neuroanatomy
MAPT,Tau gene linked to FTLD,
METASTASIS,Secondary brain tumor,Oncology
BENEDIKT,Midbrain lesion with tremor and ataxia,Movement
SYRINX,Fluid cavity within spinal cord,
GRN,Progranulin gene in FTD,Cognitive
PARINAUD,Upgaze palsy from dorsal midbrain,Neuroanatomy
FRAGILEX,CGG repeat with intellectual disability,
SPINALSTENOSIS,Narrowed canal with neurogenic claudication,
EMG,Electromyography test,Diagnostics
PINEOCYTOMA,Pineal parenchymal tumor,Oncology
DYSEMBRYOPLASTICTUMOR,Epilepsy associated cortical lesion,
BROWNSQUARD,Hemisection cord pattern of deficits,
TENSIONHEADACHE,Band like head pain,
SUBDURALHYGROMA,CSF collection beneath dura,
CEREBRALPALSY,Nonprogressive neurologic disorder from birth,
TICS,Brief repetitive movements or sounds,
DYSLEXIA,Reading difficulty disorder,
DYSCALCULIA,Math processing difficulty,
DYSGRAPHIA,Writing difficulty,
GAITATAXIA,Unsteady walking pattern,
SENSORYATAXIA,Unsteady from loss of proprioception,
CEREBELLARATAXIA,Unsteady from cerebellar disease,Neuroanatomy
PROPRIOCEPTIVELOSS,Impaired joint position sense,
ASTERIXIS,Negative myoclonus at wrist,Movement
BALLISMUS,Violent flinging movements,
ISAACSSYNDROME,Neuromyotonia with myokymia,
MYOTONICDYSTROPHY,Delayed muscle relaxation disease,
DUCHENNEMUSCULARDYSTROPHY,X linked dystrophinopathy severe,
BECKERMUSCULARDYSTROPHY,Milder dystrophinopathy,
FACIOSCAPULOHUMERALDYSTROPHY,Scapular winging and facial weakness syndrome,
GNEMYOPATHY,Hereditary inclusion body myopathy,Neuromuscular
PARAMYOTONIACONGENITA,Cold induced muscle stiffness,
ANDERSENTAWILSYNDROME,Periodic paralysis with dysrhythmia,
HYPERKALEMICPARALYSIS,Attacks with high potassium,
HYPOKALEMICPARALYSIS,Attacks with low potassium,
NEUROBRUCELLOSIS,Zoonotic infection of nervous system,NeuroID
NEUROWHIPPLE,Tropheryma disease with oculomasticatory myorhythmia,
THIAMINEDEFICIENCY,Cause of Wernicke encephalopathy,Metabolic
COPPER,Posterolateral column dysfunction; deficiency myelopathy,
MANGANESE,Basal ganglia metal toxicity,
LUXURYHYPERPERFUSION,Post ischemic flow increase,
FWAVE,Proximal motor conduction response,
ALPHARHYTHM,Posterior dominant EEG rhythm,Epilepsy
BETARHYTHM,Fast EEG activity,Epilepsy
DELTAWAVE,Slow EEG activity,Epilepsy
SYNAPSE,Junction between neurons,
AXON,Long projection of neuron,
DENDRITE,Branching input structure,
MYELIN,Insulating sheath of axons,
NODEOFRANVIER,Gap enabling saltatory conduction,
ACTIONPOTENTIAL,Rapid depolarization event,
PRKN,Parkin gene for early PD,
LRRK,Kinase gene linked to PD,
TARDBP,TDP 43 gene for ALS,Neuromuscular
FUS,RNA binding gene in ALS,Neuromuscular
VCP,Multisystem proteinopathy gene,
SETX,ALS with ataxia gene,Neuromuscular
GIANTCELLARTERITIS,Vasculitis risking vision loss,
MOTORNEURON,ALS spectrum disorder; _____ disease,Neuromuscular
ACETYLCHOLINESTERASE,Breaks down acetylcholine,
CARNITINEPALMITOYL,Fatty acid shuttle enzyme; _______ transferase,
DYSEXECUTIVESYNDROME,Poor planning and set shifting,
TRACTOGRAPHY,Reconstruction of white matter tracts,
DIRECTPATHWAY,Facilitates movement via basal ganglia,
MOSSYFIBER,Granule cell input ,
MONOAMINEOXIDASEB,Deaminates dopamine,
CFIBERS,Slow unmyelinated pain fibers,
BRAINSTEMAUDITORYEVOKED,Click stimulus brainstem response,
VISUALEVOKEDPOTENTIAL,Pattern reversal occipital response,
DEFAULTMODENETWORK,Rest state medial network,
GLUTAMATEDECARBOXYLASE,Makes GABA from glutamate,
PERIAQUEDUCTALGRAY,Descending pain control region,
NEUROGENESIS,Birth of new neurons,
ADELTA,Fast myelinated pain fibers,
CHOLINEACETYL,Synthesizes acetylcholine; _______ transferase,
AUDITORYNETWORK,Temporal primary system,
SPINORETICULARPATHWAY,Arousal related pain pathway,
ORBITOFRONTALSYNDROME,Disinhibition and impulsivity,
HYPOMYELINATION,Globally thin myelin,
PERIVENTRICULAR,Preterm white matter injury; _______ leukomalacia,
SACCADIC,Square wave jerks on fixation; _____ intrusions,
DOPADECARBOXYLASE,Converts L DOPA to dopamine,
SUBSTANCEP,Neuropeptide in pain afferents,
VENTRALATTENTIONNETWORK,Reorienting attention system,
MONOAMINEOXIDASEA,Deaminates serotonin and NE,
SUSCEPTIBILITYWEIGHTEDIMAGING,Sensitive to iron and blood,
INDIRECTPATHWAY,Inhibits competing movement,
TYROSINEHYDROXYLASE,Rate limiting for catecholamines,
NOCICEPTOR,Receptor for painful stimuli,
OPIOIDRECEPTOR,Morphine like drug target,
COENZYMEQDEFICIENCY,Ubiquinone shortage disorder,
DYSMYELINATION,Abnormal myelin formation,
VISUALNETWORK,Occipital primary system,
FRONTOPARIETALNETWORK,Executive control network,
SYNAPTOGENESIS,Formation of synapses,
CUPULA,Gel over vestibular hair cells,
SYMPATHETICSKINRESPONSE,Palmar electrodermal change,
SPHEROIDS,Swollen axons in leukodystrophy,
PYRUVATE,Congenital lactic acidosis; ______ dehydrogenase deficiency,
MEGALENCEPHALIC,Vacuolating leukodystrophy; _____ leukoencephalopathy,
PHOTICDRIVING,Occipital rhythm to flash,
AXOALLOSS,Reduced amplitudes on NCS; ______ neuropathy,Diagnostics
MITOCHONDRIALENCEPHALOMYOPATHY,Mitochondrial brain muscle disease,
DIFFUSIONTENSORIMAGING,Maps white matter directions,
NEURULATION,Formation of neural tube,
POLYGLUCOSANBODY,GBE1 deficiency disorder; adult ______ disease,
HEADIMPULSE,Test for vestibular neuritis,
SUDOMOTOR,Sweat function assessment; _____ testing,
HABITUATION,Reduced response to repeated stimulus,
TRYPTOPHAN,Rate limiting for serotonin; _______ hydroxylase,
NEGLECT,Ignores one hemispace,Localization
LEUKOARAIOSIS,Age related white matter change,
SEMICIRCULARCANALS,Sense angular acceleration,
NEUROTRANSMITTER,Chemical messenger in synapse,
DELTA,Slow sleep rhythm waves,
MURHYTHM,Central arch shaped rhythm,
KCOMPLEXES,N2 sleep waveform,
SLEEPSPINDLES,12 to 15 Hz bursts in N2,
EPILEPTIFORM,Spike or sharp wave pattern discharge,Epilepsy
POSTICTALSTATE,Period after a seizure,Epilepsy
SEPTALNUCLEI,Cholinergic forebrain group,
BABINSKI,Toe extension in infants is normal,Localization
PALMARGRASP,Infant hand closing on touch,
PLAGIOCEPHALY,Skull asymmetry from positioning,
TRIGGERFINGER,Stenosing flexor tenosynovitis,
UNCUS,Medial temporal hook shaped structure,
ASPECTS,Early ischemia score on CT,
VESTIBULARNUCLEI,Brainstem balance centers,
FIBRILLATION,Spontaneous single muscle fiber spike; ______ potential,Epilepsy
MYELINBASIC,Marker of active demyelination; _______ protein,
INTERFERENCE,Full EMG pattern at maximal effort,Diagnostics
UTRICLE,Otolith organ sensing horizontal acceleration,
NECK,Fencer posture in infants; asymmetric ______ reflex,
DYSPRAXIA,Childhood motor planning difficulty; developmental _______,
PERIRHINAL,Object memory association cortex,Neuroanatomy
DEQUERVAINSTENOSYNOVITIS,Thumb tendon sheath inflammation,
POSITIVEWAVESHARP,Denervation waveform on EMG,Diagnostics
CSFOBSTRUCTION,Blockage affecting fluid flow,
MORO,Infant startle like response; ____ reflex,
PIRIFORM,Primary olfactory cortex,Neuroanatomy
ROOTING,Infant turns to cheek touch; ____ reflex,
BRACHIALPLEXUSBIRTHINJURY,Neonatal upper limb weakness,
SUBICULUM,Hippocampal output region,
POPLITEALENTRAPMENT,Vascular and nerve compression behind knee,
FROINS,High protein with low flow CSF; _____ syndrome,
NEUROMUSCULARBLOCKADE,Loss of transmission at junction,
DECREMENTALRESPONSE,Drop on low frequency RNS,
SLEEPINERTIA,Grogginess on awakening,
PRIMARYSEXUALHEADACHE,Orgasm triggered head pain,
PIRIFORMIS,Sciatic nerve compression at deep gluteal area; _____ syndrome,Neuromuscular
PAROXYSMALVERTIGO,Brief spinning episodes,
HYPNIC,Alarm clock headache in sleep,
CLAUSTRUM,Thin sheet between insula and putamen,
RETROSPLENIAL,Navigation and context cortex,Neuroanatomy
CANALITHIASIS,Loose particles in semicircular canal,
LANDAU,Trunk extension in prone suspension; _____ reflex,
APNEAHYPOPNEAINDEX,Sleep apnea severity metric,
IGGSYNTHESISRATE,Index of intrathecal antibody production,
PHALENS,Wrist flexion screens carpal tunnel; _____ test,Neuromuscular
SLEEPLATENCY,Time to fall asleep,
POLYSOMNOGRAPHY,Overnight multi channel recording,
ILIOTIBIALBAND,Lateral knee pain from friction; _____ syndrome,
HYPERPERFUSION,Excessive blood flow to tissue,
SUPRASCAPULAR,Compression at suprascapular notch; _______ entrapment,
