APHASIA,Language impairment after dominant hemisphere lesion
DYSMETRIA,Past pointing on finger-to-nose test from cerebellar dysfunction
HEMIBALLISMUS,Violent flinging limb movements due to subthalamic nucleus lesion
HEMIPARESIS,Weakness of one side of the body
ASTEREOGNOSIS,Inability to identify objects by touch with intact primary sensation
AGRAPHIA,Loss of the ability to write
ALEXIA,Acquired inability to read
ANOSOGNOSIA,Unawareness of one's own neurologic deficits
ATAXIA,Uncoordinated gait or limb movements
DYSARTHRIA,Motor speech disorder with slurred or effortful speech
DYSTONIA,Sustained or intermittent muscle contractions causing abnormal postures
MYOCLONUS,"Sudden, brief, shock-like muscle jerks"
TREMOR,Rhythmic oscillatory movement at rest or with action
NYSTAGMUS,Repetitive involuntary eye movements
VERTIGO,Illusory sense of motion from vestibular dysfunction
MIGRAINE,Recurrent headache often with photophobia; aura may occur
EPILEPSY,Tendency for recurrent unprovoked seizures
AURA,Transient focal symptoms preceding a seizure or migraine
GERSTMANN,"Agraphia, acalculia, finger agnosia, and disorientation syndrome"
BABINSKI,Upgoing plantar response indicating corticospinal tract dysfunction
APHONIA,Loss of voice due to laryngeal or central causes
APRAXIA,Inability to perform learned motor tasks despite intact strength
AGNOSIA,Failure to recognize objects despite preserved sensation
PROSOPAGNOSIA,Inability to recognize familiar faces
HEMINEGLECT,"Failure to attend to one side of space, usually"
HEMIANOPIA,Loss of half of the visual field
QUADRANTANOPIA,Loss of a quarter of the visual field
SCOTOMA,Focal area of visual field loss
DIPLOPIA,Double vision
PTOSIS,Drooping of the upper eyelid
MIOSIS,Pupillary constriction
MYDRIASIS,Pupillary dilation
ANISOCORIA,Unequal pupil sizes
HORNER,"Ptosis, miosis, anhidrosis from sympathetic pathway lesion; _____ syndrome"
INO,Impaired adduction with abducting nystagmus from MLF lesion
ONEANDAHALF,Ipsilateral gaze palsy with contralateral INO; _____ syndrome
PARINAUD,Dorsal midbrain syndrome with upgaze palsy and light-near dissociation; _____ syndrome
MILLERFISHER,"Ataxia, areflexia, ophthalmoplegia variant of GBS"
WALLENBERG,Lateral medullary infarct syndrome
WEBER,Midbrain stroke with ipsilateral CN III palsy and contralateral weakness
BENEDIKT,Midbrain tegmentum syndrome with oculomotor palsy and tremor
BROWNSEQUARD,Hemisection of spinal cord causing ipsilateral weakness and contralateral pain loss
ANTERIORCORD,Loss of motor and pain/temperature with preserved dorsal columns
CENTRALCORD,Upper limb weakness greater than legs after cervical hyperextension
POSTERIORCORD,Loss of vibration and proprioception with preserved pain and temperature
CAUDAEQUINA,"Radicular pain, asymmetric weakness, saddle anesthesia, bladder involvement"
CONUSMEDULLARIS,"Symmetric weakness, early sphincter dysfunction, perianal anesthesia"
CORTICOSPINAL,Descending motor pathway from cortex to spinal cord
SPINOTHALAMIC,Ascending pain and temperature pathway
DORSALCOLUMNS,Ascending vibration and proprioception pathway
SUBTHALAMICNUCLEUS,Lesion here causes hemiballismus
BASALGANGLIA,Deep nuclei modulating movement initiation and inhibition
GLOBUSPALLIDUSINTERNUS,Target of deep brain stimulation for dystonia
SUBSTANTIANIGRA,Dopaminergic midbrain nucleus degenerated in Parkinson disease
RED,Midbrain nucleus associated with rubral tremor
LOCUSCERULEUS,Pontine norepinephrine nucleus linked to arousal
PEDUNCLES,Fiber bundles connecting cerebellum to brainstem
VERMIS,Midline cerebellar structure; lesion causes truncal ataxia
FLOCCULUS,Cerebellar region for vestibulo-ocular reflex calibration
PURKINJE,Principal inhibitory neuron cell of cerebellar cortex
OLFACTORY,Cranial nerve I for smell
OPTIC,Cranial nerve II for vision
OCULOMOTOR,Cranial nerve III for eye movements and pupil constriction
TROCHLEAR,Cranial nerve IV innervating superior oblique
TRIGEMINAL,Cranial nerve V for facial sensation and mastication
ABDUCENS,Cranial nerve VI innervating lateral rectus
FACIAL,Cranial nerve VII for facial expression and taste anterior two-thirds
VESTIBULOCOCHLEAR,Cranial nerve VIII for hearing and balance
GLOSSOPHARYNGEAL,Cranial nerve IX for taste posterior third and pharynx
VAGUS,Cranial nerve X for parasympathetic innervation and larynx
ACCESSORY,Cranial nerve XI for sternocleidomastoid and trapezius
HYPOGLOSSAL,Cranial nerve XII for tongue movement
PARKINSON,"Bradykinesia, rigidity, rest tremor, postural instability"
MSA,Atypical parkinsonism with early autonomic failure or cerebellar signs
PSP,Vertical gaze palsy with early falls and axial rigidity
CORTICOBASAL,Asymmetric apraxia and cortical sensory loss with parkinsonism
ESSENTIAL,Action tremor improved by alcohol; familial
HUNTINGTON,Autosomal dominant chorea with CAG expansion
WILSON,Copper metabolism disorder with movement and hepatic involvement
DOPARESPONSIVE,Childhood-onset dystonia improved with levodopa
TOURETTE,Motor and vocal tics before age 18
AKATHISIA,Subjective inner restlessness with need to move
BRADYKINESIA,Slowness of movement; cardinal feature of parkinsonism
RIGIDITY,Velocity-independent resistance to passive movement
CHOREA,"Random, flowing, dance-like movements"
TIC,"Sudden, stereotyped, suppressible movement or sound"
SPASTICITY,Velocity-dependent increased muscle tone
FASCICULATION,Visible spontaneous muscle fiber twitch
MYOTONIA,Delayed relaxation after contraction; grip _____
NEUROMYOTONIA,Continuous muscle fiber activity; Isaacs syndrome
MYASTHENIAGRAVIS,Fluctuating fatigable weakness; ACh receptor antibodies
LAMBERTEATON,Proximal weakness improves with exercise; P/Q calcium channel antibodies
GUILLAINBARRE,Acute inflammatory demyelinating polyradiculoneuropathy
ALS,Combined upper and lower motor neuron degeneration
SMA,Genetic anterior horn cell disease; SMN1 deletions
CARPALTUNNEL,Median neuropathy at the wrist causing nocturnal paresthesias
ULNAR,Neuropathy entrapment at elbow causing numb 4th/5th digits
RADIAL,Neuropathy wrist drop after compression in spiral groove
PERONEAL,Neuropathy foot drop from fibular head entrapment
TARSALTUNNEL,Posterior tibial nerve entrapment site at the ankle
MERALGIAPARESTHETICA,Lateral femoral cutaneous nerve entrapment
SMALLFIBER,Neuropathy with burning pain with preserved strength and reflexes
DEMYELINATING,Neuropathy with slowed conduction with prolonged distal latencies
AXONAL,Neuropathy with low amplitudes with relatively preserved velocities on NCS
TRIGEMINALNEURALGIA,Lancinating facial pain triggered by light touch
GLOSSOPHARYNGEALNEURALGIA,Throat/ear pain triggered by swallowing
HEMIFACIALSPASM,Involuntary unilateral facial contractions from vascular loop
BELLSPALSY,Acute LMN facial palsy; idiopathic
CLUSTERHEADACHE,Severe orbital pain with autonomic features; circadian
PAROXYSMALHEMICRANIA,"Short unilateral headaches, indomethacin responsive"
SUNCT,Short-lasting unilateral neuralgiform headache with conjunctival injection and tearing
SUNA,Short-lasting unilateral neuralgiform headache with autonomic symptoms
HEMICRANIACONTINUA,"Continuous unilateral headache, indomethacin responsive"
STATUSMIGRAINOSUS,Migraine lasting >72 hours
MEDICATIONOVERUSE,Chronic daily headache due to frequent analgesic use; _____ headache
CEREBRALVENOUS,Headache with papilledema; MRV shows sinus occlusion; _____ thrombosis
SUBARACHNOID,Thunderclap headache hemorrhage from ruptured aneurysm
INTRACEREBRAL,Lobar or deep bleed; hypertension common cause; _______ hemorrhage 
EPIDURAL,Lens-shaped hematoma after temporal bone fracture
SUBDURAL,Crescent-shaped hematoma; bridging veins
CEREBRALAMYLOID,Lobar angiopathy in elderly with microbleeds on MRI
ARTERIOVENOUS,Congenital vascular shunt malformation causing hemorrhage or seizures
CAVERNOUS,Popcorn malformation with hemosiderin rim on MRI
ISCHEMICSTROKE,Focal deficit from cerebral arterial occlusion
LACUNAR,Small deep infarct from lipohyalinosis
WATERSHED,Borderzone ischemia between arterial territories
ASPECTS,Ten-point CT score for early ischemia in MCA territory
NIHSS,Standardized scale to quantify stroke severity
TENECTEPLASE,Fibrin-specific thrombolytic used for stroke
THROMBECTOMY,Endovascular clot retrieval for large vessel occlusion
OSMOTICDE,Central pontine/extrapontine myelinolysis after rapid sodium correction
WERNICKE,"Thiamine deficiency encephalopathy with confusion, ataxia, ophthalmoplegia"
KORSAKOFF,Amnestic syndrome with confabulation after thiamine deficiency
MARCHIAFAVABIGNAMI,Corpus callosum demyelination in alcohol misuse
HEPATICENC,Cognitive slowing encephalopathy from hyperammonemia
HYPOXICISCHEMIC,Global anoxic brain injury after cardiac arrest
PRES,"Headache, seizures, visual loss with vasogenic edema; abbreviation"
RCVS,Recurrent thunderclap headaches with segmental narrowing; abbreviation
MELAS,Mitochondrial encephalomyopathy with lactic acidosis and stroke-like episodes
MERRF,Myoclonic epilepsy with ragged red fibers
LHON,Hereditary optic neuropathy causing subacute visual loss
CANVAS,"Cerebellar ataxia, neuropathy, vestibular areflexia syndrome"
FAHR,Basal ganglia calcifications with movement disorder
NEUROACANTHOCYTOSIS,Chorea with acanthocytes on smear
CREUTZFELDTJAKOB,Rapidly progressive dementia with myoclonus; RT-QuIC on CSF
ALZHEIMER,Gradual amnestic dementia with medial temporal atrophy
LEWYBODYDEMENTIA,"Fluctuations, visual hallucinations, parkinsonism"
FRONTOTEMPORALDEMENTIA,Early behavioral change or language variant
PRIMARYPROGRESSIVEAPHASIA,"Gradual loss of language; nonfluent, semantic, or logopenic"
NORMALPRESSUREHYDROCEPHALUS,"Gait, cognition, urinary incontinence with enlarged ventricles"
HYDROCEPHALUS,Enlarged ventricles from CSF imbalance
IDIOPATHICINTRACRANIALHYPERTENSION,Headache with papilledema in obese woman of childbearing age
PAPILLEDEMA,Optic disc swelling from raised intracranial pressure
OPTICNEURITIS,Painful subacute monocular visual loss
UHTOFF,Worsening of neurologic symptoms with heat in MS
LHERMITTE,Electric shock sensation sign with neck flexion
MULTIPLESCLEROSIS,Immune-mediated demyelinating disease with dissemination in time and space
NEUROMYELITISOPTICA,AQP4-IgG astrocytopathy with longitudinal cord lesions
MOGAD,Inflammatory demyelination targeting myelin oligodendrocyte glycoprotein
TRANSVERSEMYELITIS,Subacute spinal cord inflammation causing sensory level and weakness
ACUTEDISSEMINATEDENCEPHALOMYELITIS,Postinfectious demyelination in children
BICKERSTAFF,Brainstem encephalitis with ataxia and ophthalmoplegia
NMDA,Autoimmune encephalitis with psychiatric symptoms and dyskinesias; anti-_____
STIFFPERSON,GAD antibodies with axial rigidity and spasms; _____ syndrome
OPSOCLONUSMYOCLONUS,Chaotic saccades with myoclonus and ataxia
INFANTILESPASMS,West syndrome with hypsarrhythmia on EEG
WEST,"Infantile spasm syndrome, hypsarrhythmia, developmental regression"
LENNOXGASTAUT,Childhood epileptic encephalopathy syndrome with multiple seizure types
DRAVET,Severe myoclonic epilepsy of infancy; SCN1A variants
OHTAHARA,Early infantile epileptic encephalopathy
LANDAUKLEFFNER,Acquired epileptic aphasia of childhood
BENIGNROLANDIC,Centrotemporal spikes with nocturnal facial motor seizures epilepsy
JUVENILEMYOCLONIC,Myoclonic jerks after awakening epilepsy; good valproate response
ABSENCE,Brief staring spell epilepsy with 3 Hz spike-and-wave
TEMPORALLOBE,Focal impaired awareness seizure epilepfy with deja vu and automatisms
STATUSEPILEPTICUS,Seizure lasting >5 minutes or recurrent without recovery
SPECT,Perfusion imaging used in ictal epilepsy localization
DATSCAN,Nigrostriatal dopamine transporter imaging
LUMBARPUNCTURE,Needle CSF access at L3-4 or L4-5 interspace
OPENINGPRESSURE,First CSF finding measured
XANTHOCHROMIA,Yellow CSF supernatant after hemorrhage
OLIGOCLONAL,CSF-restricted IgG bands suggestive of MS
ALBUMINOCYTOLOGIC,High CSF protein with normal cell count in GBS; _____ disassociation
FRONTAL,"Executive function lobe, motor planning; precentral gyrus motor strip"
PARIETAL,Somatosensory integration lobe; postcentral gyrus sensory strip
TEMPORAL,Audition and memory lobe; hippocampus and amygdala reside here
OCCIPITAL,Primary visual cortex lobe
INSULA,Hidden cortical region for interoception and gustation
HIPPOCAMPUS,Medial temporal memory structure; vulnerable to hypoxia
AMYGDALA,Limbic nucleus for emotion and fear conditioning
THALAMUS,Relay hub for sensory and motor information
HYPOTHALAMUS,Autonomic and endocrine master regulator
BASALFOREBRAIN,Cholinergic nuclei important for attention and memory
PINEAL,Melatonin-secreting gland causing Parinaud syndrome when enlarged
PITUITARY,Endocrine master gland; macroadenomas can compress chiasm
MIDBRAIN,Mesencephalon; location of red nucleus and substantia nigra
PONS,Bridge containing cranial nerve nuclei V-VIII
MEDULLA,Contains vital centers for breathing and heart rate
CEREBELLUM,Coordinates movement and balance
DENTATE,Largest deep cerebellar nucleus; output to thalamus
FORAMENMAGNUM,Opening through which medulla transitions to cord; herniation risk
CORPUSCALLOSUM,Major commissural fiber tract connecting hemispheres
INTERNALCAPSULE,Posterior limb carries corticospinal tract fibers
CORONARADIATA,Fan-like white matter above internal capsule
FORNIX,Efferent pathway from hippocampus to mammillary bodies
MAMILLARYBODY,Memory relay structure damaged in thiamine deficiency
CALCARINECORTEX,Primary visual cortex along calcarine sulcus
BROCA,Inferior frontal gyrus area for speech production
WERNICKE,Posterior superior temporal area for language comprehension
ANGULAR,Parietal gyrus implicated in Gerstmann syndrome
SUPRAMARGINAL,Parietal lobe gyrus for phonologic processing
PRECENTRAL,Primary motor cortex gyrus
POSTCENTRAL,Primary somatosensory cortex grys
ARCUATEFASCICULUS,White matter tract linking Broca and Wernicke areas
MEYERSLOOP,Temporal optic radiations causing superior quadrantanopia when lesioned
BAUMSLOOP,Parietal optic radiations causing inferior quadrantanopia when lesioned
SUBARACHNOIDSPACE,CSF-filled compartment between arachnoid and pia
CHOROIDPLEXUS,CSF-producing epithelium within ventricles
AQUEDUCTOFSYLVIUS,Cerebral aqueduct connecting third and fourth ventricles
FOURTHVENTRICLE,Ventricular cavity dorsal to pons and medulla
LATERALVENTRICLE,C-shaped ventricular compartments in each hemisphere
BASALGANGLIACIRCUITS,Direct and indirect pathways modulate movement
NUCLEUSACCUMBENS,Ventral striatum involved in reward
PUTAMEN,Lateral basal ganglia nucleus; motor functions
CAUDATENUCLEUS,Head atrophy causes boxcar ventricles in Huntington disease
GLOBUSPALLIDUSEXTERNUS,Part of indirect pathway for movement inhibition
FLAIR,MRI sequence suppressing CSF to highlight T2 lesions
DWI,MRI sequence sensitive to restricted diffusion in acute stroke
ADC,Map inverse to DWI; low values in acute infarct
SWI,MRI sequence highlighting susceptibility from blood or iron
GRE,Gradient echo sequence; sensitive to microbleeds
VESSELWALLMRI,High-resolution imaging of intracranial vasculitis or plaque
CAROTIDULTRASOUND,Duplex study for stenosis and plaque
TRANSCRANIALDOPPLER,Ultrasound assessing intracranial velocities and shunts
EEGMONTAGE,Arrangement of electrodes for scalp recording
SSEP,Somatosensory evoked potential for dorsal column pathways
SUMATRIPTAN,Serotonin 5-HT1B/1D agonist for acute migraine
RIZATRIPTAN,Fast-acting triptan for acute migraine
ZOLMITRIPTAN,Triptan available as nasal spray for migraine
NARATRIPTAN,Longer-acting triptan used for menstrual migraine
FROVATRIPTAN,Long half-life triptan helpful for prolonged attacks
LASMIDITAN,Selective 5-HT1F agonist for acute migraine without vasoconstriction
UBROGEPANT,Oral CGRP receptor antagonist for acute migraine
RIMEGEPANT,Gepant used acutely and preventively for migraine
ATOGEPANT,Oral CGRP antagonist for preventive migraine therapy
ERENUMAB,Monoclonal antibody targeting CGRP receptor for prevention
FREMANEZUMAB,Anti-CGRP monoclonal antibody for prevention
GALCANEZUMAB,Anti-CGRP monoclonal antibody for prevention
EPTINEZUMAB,IV anti-CGRP monoclonal antibody for prevention
DIHYDROERGOTAMINE,Ergot derivative for status migrainosus
PROPRANOLOL,Beta blocker used for migraine prevention
TOPIRAMATE,Antiepileptic effective for migraine prevention
VALPROATE,Antiepileptic used for migraine prevention; teratogenic
AMITRIPTYLINE,Tricyclic antidepressant for migraine prevention
ONABOTULINUMTOXINA,Botox injection generic for chronic migraine prevention
LEVETIRACETAM,Broad-spectrum antiseizure drug; irritability side effect
BRIVARACETAM,SV2A ligand similar to levetiracetam
LACOSAMIDE,Enhances slow inactivation of sodium channels
LAMOTRIGINE,Sodium channel blocker; risk of rash if titrated fast
CARBAMAZEPINE,Sodium channel blocker; induces hyponatremia
OXCARBAZEPINE,Related to carbamazepine with less enzyme induction
ESLICARBAZEPINE,Once-daily sodium channel blocker
ZONISAMIDE,Sulfonamide with carbonic anhydrase inhibition; kidney stones
PERAMPANEL,AMPA receptor antagonist; behavior changes
PHENOBARBITAL,Barbiturate used in neonatal seizures
PHENYTOIN,Zero-order kinetics; nystagmus and ataxia with toxicity
FOSPHENYTOIN,Prodrug of phenytoin for IV loading
CLOBAZAM,Benzodiazepine used in Lennox-Gastaut
CLONAZEPAM,Benzodiazepine for myoclonus and absence variants
DIAZEPAM,Rescue benzodiazepine for seizures
MIDAZOLAM,Intranasal or IM benzodiazepine for status epilepticus
GABAPENTIN,Alpha-2-delta ligand for focal seizures and neuropathic pain
PREGABALIN,Alpha-2-delta ligand for neuropathic pain; adjunct in seizures
TIAGABINE,GABA reuptake inhibitor; risk of nonconvulsive status
VIGABATRIN,Irreversible GABA transaminase inhibitor; visual field loss
FELBAMATE,NMDA antagonist with aplastic anemia risk
RUFINAMIDE,Prolongs sodium channel inactivation; used in LGS
CANNABIDIOL,Approved for Dravet and Lennox-Gastaut
STIRIPENTOL,Adjunct for Dravet syndrome with clobazam
FENFLURAMINE,Serotonergic agent for Dravet syndrome
CARBIDOPALEVODOPA,Dopamine precursor with peripheral decarboxylase inhibitor
PRAMIPEXOLE,Dopamine agonist; impulse control risk
ROPINIROLE,Dopamine agonist for Parkinson disease
ROTIGOTINE,Transdermal dopamine agonist patch
AMANTADINE,NMDA antagonist helpful for dyskinesias
SELEGILINE,MAO-B inhibitor; adjunct in early PD
RASAGILINE,MAO-B inhibitor for symptomatic benefit
SAFINAMIDE,Reversible MAO-B inhibitor with glutamate effects
ENTACAPONE,COMT inhibitor extending levodopa effect
TOLCAPONE,COMT inhibitor; hepatotoxicity risk
OPICAPONE,Once-daily COMT inhibitor
DEEPBRAINSTIMULATION,Surgical therapy targeting STN or GPi
GLATIRAMERACETATE,Co-polymer injection for relapsing MS
DIMETHYLFUMARATE,Oral therapy for MS; lymphopenia risk
TERIFLUNOMIDE,Oral pyrimidine synthesis inhibitor; teratogenic
FINGOLIMOD,S1P modulator; first-dose bradycardia monitoring
NATALIZUMAB,Anti-Î±4 integrin; PML risk stratified by JCV
OCRELIZUMAB,Anti-CD20 monoclonal antibody; PPMS and RRMS
OFATUMUMAB,Self-injected anti-CD20 for RRMS
RITUXIMAB,Off-label anti-CD20 used in MS/NMOSD
CLADRIBINE,Oral purine analog immune reconstitution therapy
ALEMTUZUMAB,Anti-CD52 monoclonal; autoimmune risks
ECULIZUMAB,Complement inhibitor approved for AQP4+ NMOSD
INEBILIZUMAB,Anti-CD19 monoclonal for NMOSD
SATRALIZUMAB,IL-6 receptor blocker for NMOSD
IVIG,Intravenous treatment used in CIDP and MG exacerbations
PLASMAPHERESIS,Apheresis removing pathogenic antibodies
GLIOBLASTOMA,IDH-wildtype WHO grade 4 astrocytic tumor
ASTROCYTOMA,Glial neoplasm from astrocytes; graded by WHO criteria
OLIGODENDROGLIOMA,"IDH mutant, 1p/19q codeleted diffuse glioma"
EPENDYMOMA,Tumor of ependymal cells lining ventricles
MEDULLOBLASTOMA,Embryonal posterior fossa tumor in children
MENINGIOMA,Extra-axial dural-based tumor; often benign
SCHWANNOMA,Peripheral nerve sheath tumor; Antoni A/B areas
VESTIBULARSCHWANNOMA,CP angle tumor causing unilateral hearing loss
NEUROFIBROMA,Peripheral nerve tumor; plexiform type in NF1
HEMANGIOBLASTOMA,Highly vascular cerebellar tumor; VHL associated
CRANIOPHARYNGIOMA,Suprasellar cystic tumor; bitemporal hemianopia
PINEOBLASTOMA,Malignant pineal region tumor
CHORDOMA,Midline notochordal tumor at clivus or sacrum
PITUITARYADENOMA,Hormone secreting or nonfunctioning sellar adenoma
CARCINOMATOSIS,Leptomeningeal spread of systemic cancer; meningeal ________
CNSLYMPHOMA,Enhancing periventricular lesions; steroid sensitive; primary ________
VARICELLAZOSTER,Stroke after shingles due to vessel inflammation; ______ vasculopathy
NEUROCYSTICERCOSIS,Parasitic brain infection with ring-enhancing lesions
TOXOPLASMOSIS,Multiple ring-enhancing lesions in AIDS
CRYPTOCOCCUS,Meningitis CSF with high opening pressure and positive antigen
TUBERCULOUS,Basilar meningeal enhancement with cranial neuropathies; _____ meningitis
LISTERIA,Gram-positive rod; consider in elderly and immunocompromised meningitis
NEUROBORRELIOSIS,Facial palsy or meningitis after tick exposure
NEUROSYPHILIS,Tabes dorsalis or general paresis; positive CSF VDRL
WESTNILE,Flaccid paralysis encephalitis with anterior horn cell involvement
ENTEROVIRAL,Self-limited aseptic meningitis in summer/fall
NARCOLEPSY,Excessive daytime sleepiness with SOREMPs on MSLT
CATAPLEXY,Emotion-triggered loss of muscle tone in narcolepsy type 1
REMBEHAVIOR,Dream enactment due to loss of atonia; _______ disorder
SLEEPAPNEA,Repetitive upper airway obstruction causing daytime sleepiness
RESTLESSLEGS,Urge to move legs worse at rest and evening
ORTHOSTATICHYPOTENSION,Drop in blood pressure on standing causing lightheadedness
POTS,Excessive heart rate increase on standing without hypotension
GLASGOWCOMASCALE,"Eye, verbal, motor score for consciousness assessment"
FOURSCORE,Alternative coma scale including brainstem and respiration
HUNTANDHESS,Subarachnoid hemorrhage clinical grading scale
FISHER,CT blood grading for SAH vasospasm risk
CHADSVASC,Atrial fibrillation stroke risk score
HASBLED,Bleeding risk score in anticoagulation
ROMBERG,Sway with eyes closed indicates proprioceptive loss
HOFFMANN,Finger flexion with flicking nail suggests UMN lesion sign
KERNIG,Hamstring pain/resistance with knee extension in meningitis sign
BRUDZINSKI,Hip/knee flexion with neck flexion in meningitis sign
HINTS,"Head impulse, nystagmus, test of skew exam for acute vestibular syndrome"
EPLEY,Canalith repositioning maneuver for posterior canal BPPV
DIXHALLPIKE,Provocative test for posterior canal BPPV
THORACICOUTLET,Compression of brachial plexus or subclavian vessels; _____ syndrome
LONGTHORACIC,Scapular winging from serratus anterior denervation; _____ neuropathy
SUPRASCAPULAR,Shoulder pain with infraspinatus weakness; _____ neuropathy
AXILLARY,Deltoid weakness after shoulder dislocation; _____ neuropathy
FEMORAL,Quadriceps weakness with reduced knee jerk; _____ neuropathy
OBTURATOR,Adductor weakness and medial thigh numbness; _____ neuropathy
SCIATIC,Weakness below knee with sensory loss posterior leg; _____ neuropathy
TIBIAL,Plantar flexion weakness; tarsal tunnel entrapment; _____ neuropathy
SURAL,Lateral foot numbness after ankle injury; _____ neuropathy
BRACHIAL,Severe shoulder pain followed by patchy arm weakness; _____ neuritis
LUMBOSACRAL,"Pelvic tumor, diabetes, or radiation causing leg weakness; ______ plexopathy"
AMYOTROPHY,Painful proximal weakness from diabetic plexopathy; diabetic ________
NERVECONDUCTION,Study assesses large myelinated fibers via conduction velocity and amplitudes
ELECTROMYOGRAPHY,Needle exam of muscle to assess denervation and MUAPs
SINGLEFIBEREMG,Highly sensitive test for neuromuscular junction disorders
EVOKEDPOTENTIALS,Electrical responses to sensory stimulation for pathway integrity
HTT,Huntingtin gene with CAG expansion
GAA,Trinucleotide repeat causing Friedreich ataxia
GFAP,Astrocytic intermediate filament; Alexander disease
ARSA,Deficiency in metachromatic leukodystrophy
GALC,Deficiency in Krabbe disease
POLG,Mitochondrial polymerase mutations causing epilepsy and ataxia
TTR,Transthyretin gene in amyloid neuropathy
RADICULOPATHY,Dermatomal pain and weakness from nerve root compression
MYELOPATHY,Spinal cord dysfunction causing long tract signs
SYRINGOMYELIA,Cavitation of spinal cord with cape-like pain/temperature loss
TETHEREDCORD,Low conus with filum thickening; progressive leg symptoms
EPIDURALABSCESS,"Fever, back pain, neurologic deficits; urgent decompression; spinal _______"
SPINALEPIDURALHEMATOMA,Acute cord compression after procedure or anticoagulation
SPINALAVFISTULA,Foix-Alajouanine myelopathy with venous congestion
SKEWDEVIATION,Vertical ocular misalignment from otolith pathway lesion
OCULARTILT,Head tilt with ocular torsion from vestibular imbalance; ______ reaction
GOWER,Proximal weakness sign when rising from floor; _____ sign
BABINSKI,Extensor plantar response indicating UMN lesion; _____ sign
CHADDOCK,Alternative plantar reflex elicitation method; _____ sign
NEGLECT,Inattention to the side of space
FACIALPALSY,Lower motor neuron facial weakness on the
PRONATORDRIFT,Arm pronates and drifts on the indicating UMN lesion
OPSOCLONUS,Chaotic multidirectional saccades without intersaccadic intervals
BACLOFEN,GABA-B agonist used for spasticity
TIZANIDINE,Alpha-2 agonist for spasticity
DANTROLENE,Ryanodine receptor blocker reducing muscle contraction
TRIHEXYPHENIDYL,Anticholinergic for tremor in young PD patients
BENZTROPINE,Anticholinergic for parkinsonian tremor
PIMAVANSERIN,5-HT2A inverse agonist for PD psychosis
RIVASTIGMINE,Cholinesterase inhibitor used in dementia
DONEPEZIL,Cholinesterase inhibitor for Alzheimer disease
GALANTAMINE,Cholinesterase inhibitor for Alzheimer disease
MEMANTINE,NMDA antagonist for moderate to severe Alzheimer disease
BROCA,"Nonfluent, effortful speech with relatively spared comprehension; _____ aphasia"
WERNICKE,Fluent but meaningless speech with impaired comprehension; _____ aphasia
CONDUCTION,Impaired repetition with relatively fluent output; _____ aphasia
GLOBAL,Severe impairment in expression and comprehension; _____ aphasia
TRANSCORTICALMOTOR,Nonfluent speech with preserved repetition; _____ aphasia
TRANSCORTICALSENSORY,Fluent speech with preserved repetition but poor comprehension; _____ aphasia
ANOMIC,Word-finding difficulty with otherwise mild deficits; _____ aphasia
HOMONYMOUSHEMIANOPIA,Loss of visual field in both eyes
SUPERIORQUADRANTANOPIA, pie in the sky' visual field defect
INFERIORQUADRANTANOPIA, pie on the floor' visual field defect
BITEMPORALHEMIANOPIA,Loss of temporal fields from chiasm compression
BINASALHEMIANOPIA,"Loss of nasal fields; rare, often ocular cause"
ARTERYOFPERCHERON,Bilateral paramedian thalamic infarct artery
RECURRENTARTERYOFHEUBNER,Supplies caudate head and anterior internal capsule
LENTICULOSTRIATE,Deep perforator stroke vessel affecting basal ganglia/internal capsule
ANTERIORCHOROIDAL,"Hemiparesis, hemisensory loss, homonymous hemianopia territory"
FOVILLE,Medial pontine lesion with gaze palsy and corticospinal signs; ____ syndrome
RAYMOND,Medial pontine infarct with abducens palsy and contralateral hemiparesis; ____ syndrome
CLAUDE,Midbrain tegmentum lesion with oculomotor palsy and ataxia; ____ syndrome
DEJERINE,Medial medullary infarct with contralateral weakness and proprioceptive loss; ____ syndrome
LOCKEDIN,Quadriplegia with preserved vertical eye movements and consciousness; ____ syndrome
INSULARRIBBON,Early ischemic change on noncontrast head CT; loss of _______
SULCALEFFACEMENT,Loss of cortical sulci from edema on CT
FOGGING,Subacute infarct appears isodense/isointense after several days; _____ phenomenon
LUXURYPERFUSION,Hyperemia of infarcted tissue on perfusion imaging
EMPTYDELTASIGN,Filling defect in superior sagittal sinus on postcontrast imaging
HOTCROSSBUN,Pontine cruciform T2 hyperintensity in multiple system atrophy; ____ sign
HUMMINGBIRD,Midbrain atrophy pattern in progressive supranuclear palsy; ____ sign
GIANTPANDA,Midbrain T2 pattern in Wilson disease; face of the ______
PULVINAR,Thalamic hyperintensity in variant CJD; ____ sign
HYPERPERFUSION,Headache and seizures after carotid revascularization; ______ syndrome
TRAILMAKING,Timed test of visual attention and task switching (A/B); ____ test
CLOCKDRAWING,Bedside screen for visuospatial and executive dysfunction; ____ test
BOSTONNAMING,Confrontation naming assessment; ____ test
DIGITSPAN,Short-term auditory-verbal memory measure
STROOP,Assesses selective attention and inhibitory control; ____ test
WISCONSINCARDSORTING,Measures set shifting and problem solving; ____ test
ANTIHU,ANNA-1 antibody causing sensory neuronopathy and encephalomyelitis
ANTIYO,PCA-1 antibody associated with paraneoplastic cerebellar degeneration
ANTIRI,ANNA-2 antibody with opsoclonus-myoclonus and ataxia
AMPHIPHYSIN,Paraneoplastic stiff-person syndrome antibody
DPPX,Antibody-mediated hyperexcitability with diarrhea and weight loss; ______ encephalitis
GABAB,Limbic encephalitis with seizures; small-cell lung cancer association; ______ encephalitis
AMPA,Limbic encephalitis with memory loss and seizures; ______ receptor encephalitis
GFAPASTROCYTOPATHY,Autoimmune meningoencephalomyelitis with radial perivascular enhancement
KCOMPLEX,EEG waveform seen in stage N2 sleep
SLEEPSPINDLE,12-14 Hz bursts in stage N2 sleep
REMATONIA,Paralysis of skeletal muscles during REM sleep
HYPNAGOGIC,Perceptual experiences at sleep onset; _____ hallucinations
HYPNOPOMPIC,Perceptual experiences upon awakening; _____ hallucinations
CPAP,Positive airway pressure treatment for obstructive sleep apnea
TINEL,"Tapping over a nerve elicits paresthesias (e.g., carpal tunnel); ___ sign"
PHALEN,Wrist flexion provokes median nerve symptoms; ____ test
SPURLING,Cervical extension/rotation meanuever reproduces radicular pain
STRAIGHTLEGRAISE,Supine test stretching L5/S1 nerve roots
FROMENT,Thumb IP flexion indicates ulnar palsy during pinch; ____ sign
WARTENBERG,Abducted little finger from ulnar neuropathy; _____ sign
ADSON,Thoracic outlet maneuver reducing radial pulse; ____ test
JAWJERK,Masseter reflex; exaggerated in pseudobulbar palsy
SNOUT,Puckering reflex with tapping philtrum; frontal release sign
PALMOMENTAL,Chin muscle twitch reflex with stroking thenar eminence
GRASP,Involuntary grasping reflex with palmar stimulation
OPPENHEIM,Toe extension sign with tibial crest stroking; UMN sign
GORDON,Great toe extension sign with calf squeeze; UMN sign
JENDRASSIK,Reinforcement maneuver for deep tendon reflexes
HOLMES,Low-frequency rest and action tremor after midbrain lesions
ORTHOSTATIC,Fast 13-18 Hz tremor causing unsteadiness on standing
CAMPTOCORMIA,Marked forward flexion of trunk in Parkinson disease
PISA,Lateral trunk flexion in parkinsonism; _____ syndrome
ONOFF,Fluctuations between mobility and akinesia in PD; _____ phenomenon
PEAKDOSE,Involuntary movements at levodopa peak effect; ______ dyskinesia
SIALORRHEA,Drooling due to reduced spontaneous swallowing in Parkinson disease
AUTOMATISM,Semi-purposeful repetitive behaviors during focal impaired awareness seizures
GELASTIC,Laughing spells from hypothalamic hamartoma; ______ seizures
DACRYSTIC,Crying spells as ictal manifestation; ______ seizures
ICTALPOUTING,Chapeau de gendarme sign in frontal lobe epilepsy
POSTICTAL,Transient confusion state or focal deficits after a seizure
TODDPARALYSIS,Transient focal weakness after a seizure
MESIALTEMPORALSCLEROSIS,Hippocampal atrophy and gliosis in temporal lobe epilepsy
HYPOTHALAMICHAMARTOMA,Lesion associated with gelastic seizures and precocious puberty
FOCALCORTICALDYSPLASIA,Developmental cortical malformation causing intractable epilepsy
PERIVENTRICULARNODULARHETEROTOPIA,Ectopic gray matter nodules along ventricles
LISSENCEPHALY,Smooth brain with absent or reduced gyri
PACHYGYRIA,"Broad, reduced number of gyri"
POLYMICROGYRIA,Excess small gyri with abnormal cortical lamination
SCHIZENCEPHALY,Gray matter-lined clefts in cerebral hemispheres
WADATEST,Intracarotid amobarbital procedure for language/memory lateralization
RESPONSIVENEUROSTIMULATION,Closed-loop device delivering stimulation at seizure onset
LEWYBODY,Alpha-synuclein inclusion in neurons
NEUROFIBRILLARYTANGLE,Hyperphosphorylated tau aggregates in Alzheimer disease
AMYLOIDPLAQUE,Extracellular beta-amyloid deposition
PICK,Tau-positive cytoplasmic inclusion in frontotemporal dementia; ____ body
BUNIN,Eosinophilic inclusions in motor neurons in ALS; _____ bodies
NEGRI,Cytoplasmic inclusion in rabies infection; ____ body
ROSENTHALFIBERS,Eosinophilic astrocytic inclusions in pilocytic astrocytoma
LAFORABODY,Polyglucosan inclusion in progressive myoclonus epilepsy
HOLOPROSENCEPHALY,Failure of forebrain cleavage with midline facial anomalies
DANDYWALKERMALFORMATION,Posterior fossa cyst with vermian hypoplasia
CHIARIIMALFORMATION,Cerebellar tonsillar ectopia below foramen magnum
CHIARIIIMALFORMATION,Hindbrain herniation associated with myelomeningocele
AGENESISOFCORPUSCALLOSUM,Absent interhemispheric commissural fibers
SEPTOOPTIC,Optic nerve hypoplasia with midline brain defects; _____ dysplasia
SPINALSHOCK,Flaccid paralysis and areflexia after acute cord injury
NEUROGENICSHOCK,Hypotension and bradycardia from autonomic disruption in cord injury
AUTONOMICDYSREFLEXIA,Paroxysmal hypertension with high-level spinal cord lesions
ANTERIORSPINAL,Midline vessel supplying anterior two-thirds of cord; ______ artery
POSTERIORSPINAL,Paired vessels supplying dorsal columns; ______ arteries
ADAMKIEWICZ,Major radicular artery feeding thoracolumbar cord; artery of ________
BPPV,Episodic vertigo triggered by head position change
HORIZONTAL,Geotropic or apogeotropic nystagmus on supine roll test; _____ canal BPPV
HEADTHRUST,Corrective saccade for peripheral vestibulopathy; ______ test
PSEUDOBULBARAFFECT,Involuntary laughing or crying disproportionate to mood
BULBAR,LMN weakness of cranial nerves IX-XII; _____ palsy
PSEUDOBULBAR,UMN dysfunction of corticobulbar pathways; _____ palsy
FRONTALRELEASE,Primitive reflexes re-emerging with frontal lobe disease; _____ signs
CAPGRAS,Delusion that a familiar person is replaced by an imposter; ______ syndrome
FREGOLI,Delusion that different people are a single person in disguise; ______ syndrome
HEMISOMATOGNOSIA,Lack of awareness of one side of the body
SOMATOPARAPHRENIA,Belief that a limb does not belong to oneself
LARGEVESSEL,Proximal arterial blockage suitable for thrombectomy; _____ occlusion
MEDIUMVESSEL,Branch occlusion beyond M2/A2/P2 segments; _____ occlusion
WAKEUP,Symptoms discovered on awakening with unknown onset time; _______ stroke
HEMORRHAGICTRANSFORMATION,Bleeding into an ischemic infarct
DISSECTION,Intimal tear in carotid or vertebral artery causing stroke in young
WEB,Shelf-like defect in ICA bulb predisposing to emboli
VASOSPASM,Delayed arterial narrowing after subarachnoid hemorrhage
DELAYEDCEREBRALISCHEMIA,New deficits or infarct after aneurysmal SAH
NIMODIPINE,Dihydropyridine used to prevent DCI after SAH
NICARDIPINE,IV calcium-channel blocker for acute BP control in ICH/SAH
ICH,Grading system predicting mortality in intracerebral hemorrhage; ____ score
TICI,Reperfusion grading after thrombectomy; ____ score
ROPE,Risk of paradoxical embolism score in PFO-related stroke
ESUS,Embolic stroke of undetermined source
PATENTFORAMENOVALE,Interatrial communication implicated in cryptogenic stroke
GASSERIAN,Trigeminal ganglion in Meckel cave
GENICULATE,Facial nerve sensory ganglion in facial canal
CILIARY,Parasympathetic ganglion for pupil constriction
OTIC,Parasympathetic ganglion to parotid gland via CN IX
PTERYGOPALATINE,Parasympathetic ganglion to lacrimal and nasal glands
AMBIGUUS,Motor nucleus for CN IX and X controlling larynx/pharynx
SOLITARIUS,Visceral sensory nucleus for taste and baroreception
EDINGERWESTPHAL,Parasympathetic preganglionic nucleus of CN III
FACIALCOLLICULUS,Pons floor bump from CN VII fibers looping around CN VI nucleus
AMAN,Acute motor axonal neuropathy variant of Guillain-BarrÃ©
AMSAN,Acute motor-sensory axonal neuropathy variant of GBS
POEMS,"Polyneuropathy with organomegaly, endocrinopathy, M protein, skin changes"
CANOMAD,Chronic ataxic neuropathy with ophthalmoplegia and cold agglutinins
HSAN,Hereditary sensory and autonomic neuropathy group of disorders
KENNEDY,X-linked spinal and bulbar muscular atrophy; _____ disease
APNEATEST,Assessment of brainstem function by CO2 rise without respiratory effort
OCULOCEPHALIC,Doll's eyes test for brainstem integrity; ______ reflex
COUGH,Tracheal stimulation response absent in brain death; ______ reflex
CORNEAL,Blink response to corneal touch; ______ reflex
MANGANESE,Parkinsonism with T1 hyperintensity in globus pallidus; heavy metal toxicity
NITROUSOXIDE,Subacute combined degeneration mimic from B12 inactivation; _____ myelopathy
LEAD,Motor-predominant heavy metal neuropathy with wrist/finger drop
ARSENIC,Painful sensorimotor heavy metal axonopathy after exposure
ORGANOPHOSPHATE,"Cholinergic crisis with miosis, bronchorrhea, weakness; _____ poisoning"
CARBONMONOXIDE,Delayed neurologic sequelae with globus pallidus lesions; _____ poisoning
TIMEDUPANDGO,"Functional mobility test measuring time to stand, walk, and sit"
FESTINATING,"Short, accelerating steps in Parkinson disease; _____ gait"
WIDEBASED,Ataxic gait with increased base of support; _____ gait
STEPPAGE,High stepping due to foot drop; _____ gait
MAGNETIC,Difficulty initiating steps in normal pressure hydrocephalus; _____ gait
HASHIMOTOENCEPHALOPATHY,Steroid-responsive encephalopathy associated with thyroid autoimmunity
CLIPPERS,Pontine perivascular enhancement responsive to steroids
ACUTEHEMORRHAGICLEUKOENCEPHALITIS,Fulminant ADEM variant with rapid decline
GFAP,Astrocytic filament antibody in autoimmune meningoencephalomyelitis
BALINT,"Simultanagnosia, optic ataxia, and ocular apraxia; ____ syndrome"
SIMULTANAGNOSIA,Inability to perceive more than one object at a time
OPTICATAXIA,Misreaching for visual targets with intact motor/sensory systems
OCULARAPRAXIA,Difficulty initiating purposeful saccades
PLEDS,Periodic lateralized epileptiform discharges on EEG
GPEDS,Generalized periodic epileptiform discharges
BURSTSUPPRESSION,Alternating high-voltage bursts and flat intervals on EEG
TRIPHASICWAVES,EEG pattern seen in metabolic encephalopathy
HYPSARRHYTHMIA,Chaotic high-amplitude pattern in infantile spasms
GAMMAKNIFE,Stereotactic radiosurgery device using cobalt-60 beams
HEMICRANIECTOMY,Decompressive removal of skull flap for malignant edema
CRANIOPLASTY,Repair of skull defect after craniectomy
INFERIOR,Restiform peduncle carrying afferents to cerebellum
SUPERIORCOLLICULUS,Tectal structure mediating saccades and visual orientation
INFERIORCOLLICULUS,Auditory midbrain relay nucleus
MEDIALLONGITUDINAL,Brainstem fasciculus coordinating eye movements and vestibular input
PRETECTAL,Midbrain region area mediating pupillary light reflex
ANTERIOR,Fiber tract commisure connecting temporal lobes
POSTERIOR,Fiber tract commisure near pineal region linked to vertical gaze
GABAA,Ligand-gated chloride channel targeted by benzodiazepines
GABAB,Metabotropic receptor targeted by baclofen
NMDA,Glutamate receptor with voltage-dependent Mg2+ block
AMPA,Ionotropic glutamate receptor mediating fast excitatory transmission
NICOTINIC,Ligand-gated ion channel at neuromuscular junction; ______ acetylcholine
OPHTHALMIC,V1 branch of trigeminal nerve
MAXILLARY,V2 branch of trigeminal nerve
MANDIBULAR,V3 branch of trigeminal nerve
CHORDATYMPANI,Branch of facial nerve carrying taste and parasympathetics
GREATERPETROSAL,Facial nerve branch to pterygopalatine ganglion
NERVUSINTERMEDIUS,Sensory/parasympathetic component of facial nerve
GAZEDEVIATION,Eyes pointed toward a direction due to frontal eye field lesion
EXTINCTION,Failure to detect stimuli on the with double simultaneous stimulation
FETALPCA,Posterior cerebral artery arises from internal carotid via PCom
DAWSONFINGERS,Ovoid periventricular lesions perpendicular to ventricles in MS
UFIBER,Subcortical myelin preservation favoring leukodystrophy over hypoxic change; _____ sparing
BLACKHOLESINMS,T1 hypointense chronic lesions indicating axonal loss
OPENRINGSIGN,Incomplete ring enhancement suggesting demyelination
HIGHVOLUMETAPTEST,Large-volume lumbar puncture assessing gait improvement in NPH
CSFFLOWVOIDSIGN,Sagittal T2 flow signal in aqueduct/ventricles in NPH
HYPERAMMONEMIA,Elevated ammonia causing encephalopathy
UREMIC,Cognitive and neuromuscular dysfunction in renal failure; _____ encephalopathy
HYPOGLYCEMIC,Convulsions precipitated by low blood glucose; _____ seizures
DYSDIADOCHOKINESIA,Impaired rapid alternating movements from cerebellar dysfunction
CAVERNOUSSINUSTHROMBOSIS,Septic thrombosis causing ophthalmoplegia and chemosis
CEREBRALVENOUSSINUSTHROMBOSIS,Headache with papilledema from dural sinus clot
DURALARTERIOVENOUS,Abnormal shunt fistula causing pulsatile tinnitus and neuro symptoms
CAROTIDCAVERNOUS,"Traumatic shunt fistula with red eye, bruit, and diplopia"
APOPLEXY,Acute hemorrhage/infarct of pituitary causing headache and vision loss
TEMPORAL,Giant cell arteritis causing headache and risk of vision loss
PSEUDOTUMORCEREBRI,Old name for idiopathic intracranial hypertension
HYPOTENSION,Orthostatic headache from CSF leak due to spontaneous intracranial _______
BLOODPATCH,Treatment for CSF leak-related orthostatic headache
ORTHOSTATIC,"Headache worse upright, relieved by lying down"
RAMSAYHUNT,Herpes zoster oticus with facial palsy and ear vesicles; ______ syndrome
VESTIBULARMIGRAINE,Recurrent vertigo episodes associated with migraine features
MALDEDEBARQUEMENT,Persistent rocking sensation after motion exposure
OSCILLOPSIA,Illusion of visual world bouncing from impaired gaze stabilization
OCULOGYRIC,Upward tonic eye deviation from dopamine blockade; _____ crisis
BLEPHAROSPASM,Involuntary eyelid closure dystonia
MEIGE,Cranial dystonia with blepharospasm and oromandibular dystonia; ______ syndrome
CERVICALDYSTONIA,Torticollis from involuntary neck muscle contractions
WRITERSCRAMP,Task-specific hand dystonia during writing
TASKSPECIFICDYSTONIA,Abnormal muscle activation limited to specific skilled tasks
FUNCTIONALNEUROLOGICALDISORDER,Positive-sign based diagnosis of incongruent neurologic symptoms
HOOVER,Inconsistent hip extension effort indicating functional weakness; _____ sign
RADIALTUNNEL,Pain and weakness from posterior interosseous nerve compression; ______ syndrome
ANTERIORINTEROSSEOUS,Weak pinch with intact sensation; branch of median nerve; _______ neuropathy
POSTERIORINTEROSSEOUS,Finger and wrist extension weakness; radial branch; _______ neuropathy
PRONATORTERES,Median nerve entrapment in proximal forearm; ______ syndrome
ERBPALSY,Upper trunk brachial plexus palsy with 'waiter's tip' arm
KLUMPKEPALSY,Lower trunk plexus injury with hand weakness; may have Horner syndrome
ADIETONICPUPIL,Dilated pupil with poor light response and denervation supersensitivity
ARGYLLROBERTSONPUPIL,Small pupils that accommodate but do not react to light
MARCUSGUNNPUPIL,Relative afferent pupillary defect on swinging flashlight test
LIGHTNEARDISSOCIATION,Better constriction to near than to light
MUSK,Muscle-specific kinase antibody in seronegative myasthenia gravis
THYMOMA,Anterior mediastinal tumor associated with myasthenia gravis
SINGLEFIBERJITTER,Increased variability on EMG in neuromuscular junction disorders
REDUCEDRECRUITMENT,"EMG pattern with fewer, larger motor units in neurogenic lesions"
SMALLFIBERSKINBIOPSY,Intraepidermal nerve fiber density test for small fiber neuropathy
NERVEULTRASOUND,High-resolution imaging for entrapment and neuropathy
TILTTABLETEST,Autonomic evaluation provoking orthostatic symptoms
VALSALVAMANEUVER,Autonomic testing component assessing baroreflex
LEIGHSYNDROME,Subacute necrotizing encephalomyelopathy in infancy
ALPERSSYNDROME,POLG-related epileptic encephalopathy with liver failure
ADRENOMYELONEUROPATHY,Adult-onset X-linked adrenoleukodystrophy with spastic paraparesis
KRABBE,Galactocerebrosidase deficiency leukodystrophy
METACHROMATICLEUKODYSTROPHY,Arylsulfatase A deficiency causing demyelination
ALEXANDER,GFAP mutation leukodystrophy with Rosenthal fibers
CANAVAN,Aspartoacylase deficiency with spongy leukodystrophy
PELIZAEUSMERZBACHER,PLP1-related hypomyelinating leukodystrophy
VANISHINGWHITEMATTERDISEASE,eIF2B-related childhood ataxia and hypomyelination
RETTSYNDROME,MECP2-related neurodevelopmental regression with hand stereotypies
ANGELMANSYNDROME,"UBE3A disorder with ataxia, seizures, and laughter"
NIEMANNPICKTYPEC,Cholesterol trafficking disorder with vertical gaze palsy
TAYSACHS,Hexosaminidase A deficiency with cherry-red macula
SUBACUTECOMBINEDDEGENERATION,B12 deficiency causing dorsal column and corticospinal dysfunction
CORTICOBASALDEGENERATION,Asymmetric parkinsonism with apraxia and alien limb
PARKINSONISMHYPERPYREXIA,Life-threatening akinesia and hyperthermia after dopaminergic withdrawal
NEUROLEPTICMALIGNANTSYNDROME,"Rigidity, hyperthermia, and autonomic instability from dopamine block"
SEROTONINSYNDROME,"Hyperreflexia, clonus, and agitation from serotonergic excess"
DYSTONICSTORM,Severe generalized dystonia with autonomic instability
SUPERREFRACTORYSTATUSEPILEPTICUS,Seizures persist beyond 24 hours despite anesthetics
NORSE,New-onset refractory status epilepticus of unclear etiology
FIRES,Febrile infection-related epilepsy syndrome
ACUTEFLACCIDMYELITIS,Poliomyelitis-like illness with anterior horn cell involvement
PACHYMENINGITIS,Hypertrophic dura from IgG4-related disease
CSFLEAK,Spinal or cranial breach causing low-pressure headaches
KAYSERFLEISCHERRING,Corneal copper deposition in Wilson disease
POSTERIORCOMMUNICATINGARTERY,Connecting vessel between ICA and PCA
ANTERIORCOMMUNICATINGARTERY,Vessel connecting the two ACAs
SUPERIORSAGITTALSINUS,Major dural venous sinus along the midline
TRANSVERSESINUS,Paired dural venous sinus draining to sigmoid
SIGMOIDSINUS,Dural venous sinus continuing to internal jugular vein
CAVERNOUSSINUS,"Venous plexus around sella with cranial nerves III, IV, V1, V2, VI"
CAROTIDSIPHON,Curved intracranial segment of internal carotid artery
DEEPCEREBRALVENOUSSYSTEM,"Internal cerebral veins, vein of Galen, straight sinus"
VEINOFGALENMALFORMATION,High-flow neonatal AV shunt causing heart failure and macrocephaly
PITUITARYMACROADENOMA,Large sellar tumor compressing optic chiasm
OPTICCHIASMCOMPRESSION,Bitemporal field loss from sellar or parasellar mass
CEREBELLARTONSILLARECTOPIA,Inferior displacement of tonsils at foramen magnum
MIDLINESHIFT,Displacement of septum pellucidum from mass effect
DIFFUSEAXONALINJURY,Traumatic shearing injury with microhemorrhages in white matter
RANCHOLOSAMIGOSSCALE,Ten-level cognitive scale for TBI recovery
POSTTRAUMATICAMNESIA,Interval of memory loss after head injury
ANTERIORINTEROSSEOUSSYNDROME,Pure motor median branch palsy with OK sign weakness
GUYONCANAL,Ulnar nerve compression at wrist canal
CUBITALTUNNELSYNDROME,Ulnar entrapment at the elbow
RADIALHEADSUBLUXATION,Nursemaid elbow affecting annular ligament; radial nerve usually spared
NECKTONGUESYNDROME,Transient C2 neuralgia with tongue dysesthesia on neck movement
BRACHIORADIALISREFLEX,C6-mediated forearm reflex at radial styloid
PATELLARREFLEX,L3-L4 mediated knee jerk
ACHILLESREFLEX,S1-S2 mediated ankle jerk
ASTASIA,Inability to maintain upright posture despite normal leg strength
ABASIA,Inability to walk despite preserved leg movements while lying
THALAMICPAINSYNDROME,Central post-stroke pain after thalamic injury
ALIENHANDSYNDROME,Complex involuntary movements with loss of agency
CENTRALCORDHYPEREXTENSION,Disproportionate arm weakness after cervical injury
AMAUROSISFUGAX,Transient monocular blindness usually from carotid emboli
ANTERIORISCHEMICOPTICNEUROPATHY,Pale swollen disc with sudden vision loss
CENTRALRETINALARTERYOCCLUSION,Painless monocular vision loss with cherry-red spot
CENTRALRETINALVEINOCCLUSION,Painless vision loss with 'blood and thunder' fundus
MYERSONSIGN,Persistent glabellar tap blink in Parkinson disease
HINTSPLUS,HINTS exam with new hearing loss to detect stroke in vertigo
DUKECRITERIAENDOCARDITIS,Neurologic embolic strokes part of complications
HEIMANNBIELSCHOWSKYPHENOMENON,Head tilt in superior oblique palsy to minimize diplopia
SKULLBASEOSTEOMYELITIS,Malignant otitis externa causing cranial neuropathies
PHOTOSENSITIVEEPILEPSY,Seizures triggered by flashing lights
STARTLEEPILEPSY,Reflex seizures precipitated by sudden auditory stimuli
MUSICOGENICEPILEPSY,Reflex seizures triggered by specific music
REFLEXSYNCOPE,Vasovagal faint with prodrome and rapid recovery
ORTHOSTATICSYNCOPE,Loss of consciousness from standing due to hypotension
CAROTIDSINUSHYPERSENSITIVITY,Syncope triggered by neck pressure or tight collars
POSTURALORTHOSTATICTACHYCARDIA,Excessive heart rate rise on standing without hypotension
NEUROCARDIOGENICSYNCOPE,Common faint due to autonomic reflex
OPSOCLONUSMYOCLONUSATAXIA,Paraneoplastic or post-infectious with chaotic saccades
EPISODICATAXIA,Brief spells of ataxia often due to channelopathy
HEMIPLEGICMIGRAINE,Migraine with transient unilateral weakness
SPORADICHEMIPLEGICMIGRAINE,Hemiplegic migraine without known familial mutation
FAMILIALHEMIPLEGICMIGRAINE,CACNA1A-linked migraine with motor aura
ALIENLIMBPHENOMENON,Loss of sense of ownership causing unwanted limb movements
SUBFALCINE,Cingulate gyrus herniation under falx cerebri
RASMUSSEN,Chronic focal epilepsy with inflammation; _____ encephalitis
PRION,Transmissible spongiform encephalopathy
FLOWVOID,Signal loss where blood moves fast on T2
HYPERMOTOR,Epileptic thrashing or bicycling like movements; ______ seizure
MENSTRUALMIGRAINE,Headache attacks linked to menstrual cycle
DULOXETINE,SNRI for neuropathic pain
KRABBE,GALC deficiency leukodystrophy
ABULIA,Severe reduction in drive
RUBROSPINALTRACT,Extrapyramidal motor pathway
MALIGNANTHYPERTHERMIA,Anesthetic triggered hypermetabolic crisis
RETINALMIGRAINE,Monocular visual disturbance with pain
DISINHIBITION,Socially inappropriate behavior
PILOCYTICASTROCYTOMA,Benign cerebellar astrocytoma in youth
DURETHEMORRHAGE,Linear bleed in brainstem with shift
PARAGANGLIOMA,Extra adrenal neuroendocrine tumor
CUNEATEFASCICULUS,Dorsal column tract for arms
CALFPSEUDOHYPERTROPHY,Enlarged calves from muscle tissue change
MAMMILLARYBODIES,Memory relay damaged in thiamine loss
FASTIGIALNUCLEUS,Midline deep cerebellar nucleus
BELLSPALSY,Acute lower motor neuron facial palsy
NEUROSARCOIDOSIS,Granulomatous inflammation of nervous system
TRIGEMINALAUTONOMICEPHALALGIA,Group of TAC headache disorders
SCAPULARWINGING,Medial border lifts from rib cage
SUBEPENDYMALGIANTCELLASTROCYTOMA,Tuberous sclerosis related mass
HEMANGIOPERICYTOMA,Vascular tumor once called HPC
COLLAGENSIXMYOPATHY,Extracellular matrix myopathy group
PRISMADAPTATION,Optical therapy for neglect
CRESTENTSIGN,Subdural shape on CT
MYOFIBRILLARMYOPATHY,Z disk protein aggregate myopathy
PRIMARYTHUNDERCLAPHEADACHE,Sudden severe pain resembling SAH
ENTORHINALCORTEX,Gateway to hippocampus
PSEUDODEMENTIA,Depression related cognitive deficits
VENTRALPOSTEROLATERALNUCLEUS,Thalamic relay for body sensation
HYPERSOMNOLENCE,Excess daytime sleepiness
ANOSODIAPHORIA,Indifference to neurologic deficit
APATHY,Lack of motivation for goal actions
SPOTSIGN,CTA contrast pooling within bleed
MOLARTOOTHSIGN,Sign in Joubert malformation
ICTALAUTONOMICCHANGES,Pulse or pupils change during seizures
SPIKEWAVE,Generalized 3 Hz morphology
INTRACRANIALATHEROSCLEROSIS,Plaque buildup inside brain arteries
CENOBAMATE,Newer sodium blocker for focal seizures
ICEPICKHEADACHE,Short stabbing cranial pain
NEWDAILYPERSISTENTHEADACHE,Headache beginning abruptly and daily
EMERYDREIFUSS,Laminopathy with contractures
FOOTDROP,High stepping due to dorsiflexor loss
DYSEMBRYOPLASTICNEUROEPITHELIAL,Childhood cortical epilepsy tumor
OCULARMYASTHENIA,Weakness limited to extraocular muscles
PENUMBRA,Hypoperfused but salvageable tissue
OPHTHALMOPLEGICMIGRAINE,Ocular motor neuropathy with migraine
VENOUSSINUSTHROMBOSIS,Clot in dural drain channels
GRACILEFASCICULUS,Dorsal column tract for legs
CENTRALCORE,RYR1 related congenital myopathy
HOMOCYSTINURIA,Thrombotic risk with lens dislocation
PROSODYIMPAIRMENT,Abnormal rhythm of speech
ADRENOLEUKODYSTROPHY,Very long chain fatty acid disorder
INTENTIONTREMOR,Shaking with outstretched arms
CSFRHINORRHEA,Clear nasal fluid from CSF leak
LATERALFEMORALCUTANEOUSNEUROPATHY,Sensory loss anterolateral thigh
CENTRALNEUROCYTOMA,Intraventricular neuronal tumor
MONONEURITISMULTIPLEX,Patchy painful multiple nerve deficits
PANAYIOTOPOULOSSYNDROME,Early onset visual seizures in kids
COREINFARCTVOLUME,Estimate of dead brain tissue
GHOSTINGARTIFACT,Repeated faint replicas in phase
CATAPLEXYATTACK,Emotion triggered loss of tone
DYSTONICPOSTURE,Task specific hand dystonia
CONSTRUCTIONALAPRAXIA,Impaired block design type tasks
NEUROREHABILITATION,Therapy after brain or spine injury
PHOTOPSIA,Perception of flashes of light
CALLOSOTOMY,Resection of corpus callosum
LEPTOMENINGEALCOLLATERALS,Pial channels recruited in ischemia
APRAXIAOFSPEECH,Motor planning for speech impaired
INSOMNIA,Persistent difficulty initiating sleep
VAOVASALSYNCOPE,Common faint due to reflex loop
NEMALINEMYOPATHY,Rod bodies on muscle biopsy
INFERIORLONGITUDINALFASCICULUS,Occipito temporal visual pathway
LATERALGENICULATEBODY,Visual thalamic relay nucleus
INTRACRANIALHYPERTENSION,Elevated intracranial pressure
HEREDITARYATAXIA,Inherited gait and coordination disorder
RACOONEYES,Periorbital ecchymoses sign
VENTRALPOSTEROMEDIALNUCLEUS,Thalamic relay for face sensation
SERONEGATIVEMYASTHENIA,Autoimmune fatigue without AChR antibodies
POSTURALTREMOR,Abnormal sustained posture
NONREMAROUSALDISORDERS,Confusional arousals and sleepwalking
APMERIDIAN,Visual field meridian for perimetry
SEMANTICDEMENTIA,Loss of word meaning with fluent speech
CIRCADIANPHASEDELAY,Delayed internal clock timing
LARGEFIBERNEUROPATHY,Loss of vibration and numbness
PITOLISANT,Histamine three inverse agonist for narcolepsy
VENTRALTEGMENTALAREA,Dopamine neurons of midbrain
HERPESSIMPLEX,Temporal lobe encephalitis
HYPNAGOGICHALLUCINATIONS,Vivid perceptions at sleep onset
TONGUEATROPHY,Wasting of lingual musculature
RILUZOLE,ALS medication modest survival benefit
ARMODAFINIL,Longer acting modafinil isomer
PARAHIPPOCAMPALGYRUS,Medial temporal cortical area
COUNTRECOUP,Bruise opposite the impact site; coup _____
ECHOLALIA,Repeating words just heard
PAROXSYSMALHEMICRANIA,Short unilateral attacks; indomethacin responsive
SPINOCEREBELLAR,Proprioceptive cerebellar fiber tract
SUBDURALGRID,Strip electrodes for seizure mapping
POSTPRANDIALHYPOTENSION,Low pressure after meals in elderly
AMOTROPHY,Painful proximal weakness in diabetes
CAPILLARYTELANGIECTASIA,Small capillary vascular anomaly
ENVIRONMENTALDEPENDENCE,Automatic use of nearby objects
TIGERSTRIPE,Striped pontine T2 pattern
MICROGRAPHIA,Tiny handwriting
CADASIL,NOTCH3 related small vessel strokes
MEDIALGENICULATE,Auditory thalamic relay nucleus
OPTOKINETIC,Reflex eye movements to moving stripes; _____ nystagmus
ANAPLASTIC,Grade three astrocytic tumor; ______ astrocytoma
BETHLEMYOPATHY,COL6 related congenital weakness
SCLEROSINGPANENCEPHALITIS,Persistent measles related encephalitis; subacute ________
MEDIALLEMNISCUS,Ascending touch pathway from dorsal columns
ECHOPRAXIA,Imitation of another's movements
LEIGH,Mitochondrial complex issue in infancy; _____ encephalopathy
NUCLEUSBASALIS,Cholinergic source for cortex
DURALTAIL,Enhancing connection in meningioma
TECTOSPINAL,Head and eye reflex tract
UNCALHERNIATION,Medial temporal lobe moving through tentorial notch
ATHETOSIS,Snake like distal movements
VZVGANGLIONITIS,Sensory ganglion inflammation by VZV
SUNCT,Short attacks with tearing and redness
HORNERS,Ptosis miosis anhidrosis together
EDARAVONE,Free radical scavenger for ALS
DEUTETRABENAZINE,VMAT2 inhibitor with deuterium
PULVINAR,Thalamic visual attention nucleus
TRAMTRACKCALCIFICATIONS,Calcifications in Sturge Weber
CHOROIDPLEXUSPAPILLOMA,Ventricular tumor from choroid epithelium
DURALSINUSFISTULA,Abnormal shunt in dura mater
NUCLEUSRAPHEMAGNUS,Serotonin cell group in medulla
CERVICOGENICHEADACHE,Headache from neck structures
SUPRACHIASMATICNUCLEUS,Master clock of circadian rhythm
UNCINATEFASCICULUS,Temporal frontal connector
IDEOMOTORAPRAXIA,Difficulty performing learned gestures
COTARDSYNDROME,Delusion of being already dead
TETRABENAZINE,VMAT2 inhibitor for chorea
ADIE,Dilated pupil with poor light response
NORTRIPTYLINE,TCA for neuropathic pain
NEUROFIBROMATOSIS,Genetic tumor syndrome type 1
ICH,Score predicting hemorrhage outcome
LOGOPENICAPHASIA,Word retrieval variant of language loss
BATTLESSIGN,Postauricular ecchymosis sign
BRAINDEATHTESTING,Assessment protocol for no brain function
MOTIONARTIFACT,Blur from patient movement
ALPERSHUTTENLOCHER,POLG related epileptic encephalopathy
PUREAUTONOMICFAILURE,Neurodegenerative autonomic failure
PLEXIFORMNEUROFIBROMA,Nerve tumor with bag of worms feel
WESTNILE,Flaccid paralysis virus with anterior horn loss
SCIATICA,Leg pain due to nerve root irritation
NECROTIZINGAUTOIMMUNEMYOPATHY,Statin or SRP antibody related weakness
RABIES,Hydrophobia and aerophobia with encephalitis
INFERIOROLIVE,Medullary olive involved in learning
IDIOPATHICHYPERSOMNIA,Long sleep time with sleep inertia
ARTERIALDISSECTION,Intimal tear of cervical vessel
NEONATALMYASTHENIA,Transient weakness in newborn of MG mother
MIDDLEMENINGEALARTERY,Artery linked to epidural hemorrhage
RATHKECLEFTCYST,Sellar cyst of pars intermedia
MODAFINIL,Wakefulness promoting agent
SPINOCEREBELLARATAXIA,Group of polyglutamine ataxias
FOCALTOBILATERALTONICCLONIC,Spread from focal onset to both sides
OPHTHALMOPARESIS,Limited range of eye movements
PML,JC virus infection of brain
CANAVAN,ASPA deficiency white matter disease
LATERALLEMNISCUS,Auditory brainstem pathway
MORTONNEUROMA,Plantar nerve lesion between toes
NEUROFIBROMATOSIS,Genetic tumor syndrome type 2
HYPOMIMIA,Classic thumb finger tremor
TIMEOFLIGHTANGIOGRAPHY,Non contrast MRA method
TOXOPLASMOSIS,Multiple ring enhancing lesions in AIDS
REMSLEEPBEHAVIORDISORDER,Acting out dreams due to no atonia
PERIODICLIMBMOVEMENTSLEEP,Repetitive kicks during sleep
SLEEPPARALYSIS,Transient inability to move on waking
OCCIPITALNEURALGIA,Posterior scalp pain from nerve
KLEINELEVIN,Recurrent hypersomnia cycles
SUNASYNDROME,Short head pain attacks with autonomic signs
CHOREOATHETOSIS,Excess of involuntary motions
DIFFUSEMIDLINGLIOMA,H3K27 altered diffuse brain tumor
SCOTOMABLINK,Blind spot perception during blink
EVEROLIMUS,mTOR inhibitor for tuberous sclerosis
FATIGABLEDIPLOPIA,Double vision worsens with use
CUSHINGTRIAD,Hypertension bradycardia irregular breaths
OROMANDIBULARDYSTONIA,Single body region dystonia
FRONTALLOBESYNDROME,Dysexecutive behavioral pattern
FOCALDYSTONIA,Soft palate rhythmic jerks
MYORHYTHMIA,Unilateral facial contractions
CONVERGENCEINSUFFICIENCY,Difficulty maintaining near vision
TARSALTUNNELSYNDROME,Posterior tibial nerve entrapment
HABENULA,Epithalamic relay near pineal
ICTALSCREAM,Sharp cry at seizure beginning
ELECTRICALIMPEDANCE,Skin response to applied current
HOFMANNREFLEX,Finger flexion with flick to nail
APIXABAN,Factor Xa inhibitor
ACUTEDEM,Acute disseminated encephalomyelitis
DRAVETSYNDROME,SCN one A related epilepsy
GLATIRAMER,Random copolymer for MS
SPURLINGTEST,Neck extension rotation reproduces radicular pain
ANTERIORCEREBRALARTERY,Supplies medial frontal and parietal lobes
STRAIGHTSINUS,Dural venous channel to confluence
PARSONAGETURNER,Acute brachial neuritis severe pain
ARACHNOIDGRANULATIONS,Sites of CSF absorption
POSTERIORCEREBRALARTERY,Supplies occipital and inferior temporal lobes
DABIGATRAN,Direct thrombin inhibitor
ROMBERGTEST,Sway with eyes closed feet together
BACLOFENPUMP,Implanted spasticity therapy
PYRIDOSTIGMINE,Acetylcholinesterase blocker
ASPIRIN,Irreversible COX inhibitor
RIVAROXABAN,Oral factor Xa inhibitor
CLOPIDOGREL,P2Y12 antiplatelet agent
POSTHERPETICNEURALGIA,Chronic neuropathic pain after shingles
RESTLESSLEGSSYNDROME,Urge to move limbs at night
FORAMENOFMONRO,Connects lateral to third ventricle
NEUROBEHCET,Systemic vasculitis with neurologic lesions
LENNOXGASTAUT,Severe childhood epilepsy with multiple seizure types
VERTEBRALARTERY,Supplies posterior circulation
MILLERFISHERSYNDROME,Ophthalmoplegia areflexia ataxia
SYRINGOBULBIA,Fluid cavity extends into brainstem
TICAGRELOR,Reversible P2Y12 blocker
NALOXONE,Opioid receptor antagonist
FLUMAZENIL,Benzodiazepine reversal agent
MOYAMOYA,Progressive steno occlusive arteriopathy
BASILARARTERY,Formed by vertebral arteries
ICEPACKTEST,Quick cooling improves ptosis in MG
INTERNALCAROTIDARTERY,Supplies anterior circulation
ETHOSUXIMIDE,First line for absence
MOCA,Ten minute screen for cognition
WARFARIN,Vitamin K antagonist
ANTERIORCHOROIDALARTERY,Small branch to optic tract and capsule
OPTICATROPHY,Pale optic disc from axon loss
ANOSMIA,Loss of smell sensation
AGEUSIA,Loss of taste sensation
HYPOGEUSIA,Reduced taste perception
DYSGEUSIA,Distorted taste perception
AGEUSIASECONDARY,Taste loss due to another condition
ADYNAMIA,Marked lack of strength
APALLICSYNDROME,Wakefulness without awareness
ANHEDONIA,Inability to feel pleasure
ANERGIA,Pathological lack of energy
DYSPHASIA,Impaired language function
ANOMIA,Difficulty retrieving words
DYSPHONIA,Abnormal voice quality
PARAPARESIS,Weakness of both legs
QUADRIPARESIS,Weakness of all four limbs
PARAPLEGIA,Paralysis of both legs
HYPERESTHESIA,Increased sensitivity to touch
HYPOESTHESIA,Reduced sensitivity to touch
ALLODYNIA,Pain from normally nonpainful touch
HYPERALGESIA,Increased pain from painful stimuli
ANALGESIA,Loss of pain perception
BOTULISM,Neurotoxin blocking acetylcholine release
CAUDAEQUINASYNDROME,Saddle anesthesia with areflexic bladder
NEUROPATHICPAIN,Burning or shooting pain quality
AUTONOMICDYSFUNCTION,Blood pressure and heart rate issues
MILLARDSYNDROME,Pons lesion with facial and abducens
MAPT,Tau gene linked to FTLD
METASTASIS,Secondary brain tumor
BENEDIKT,Midbrain lesion with tremor and ataxia
SYRINX,Fluid cavity within spinal cord
GRN,Progranulin gene in FTD
PARINAUD,Upgaze palsy from dorsal midbrain
FRAGILEX,CGG repeat with intellectual disability
SPINALSTENOSIS,Narrowed canal with neurogenic claudication
EMG,Electromyography test
PINEOCYTOMA,Pineal parenchymal tumor
DYSEMBRYOPLASTICTUMOR,Epilepsy associated cortical lesion
BROWNSQUARD,Hemisection cord pattern of deficits
TENSIONHEADACHE,Band like head pain
SUBDURALHYGROMA,CSF collection beneath dura
CEREBRALPALSY,Nonprogressive neurologic disorder from birth
TICS,Brief repetitive movements or sounds
DYSLEXIA,Reading difficulty disorder
DYSCALCULIA,Math processing difficulty
DYSGRAPHIA,Writing difficulty
GAITATAXIA,Unsteady walking pattern
SENSORYATAXIA,Unsteady from loss of proprioception
CEREBELLARATAXIA,Unsteady from cerebellar disease
PROPRIOCEPTIVELOSS,Impaired joint position sense
ASTERIXIS,Negative myoclonus at wrist
BALLISMUS,Violent flinging movements
ISAACSSYNDROME,Neuromyotonia with myokymia
MYOTONICDYSTROPHY,Delayed muscle relaxation disease
DUCHENNEMUSCULARDYSTROPHY,X linked dystrophinopathy severe
BECKERMUSCULARDYSTROPHY,Milder dystrophinopathy
FACIOSCAPULOHUMERALDYSTROPHY,Scapular winging and facial weakness syndrome
GNEMYOPATHY,Hereditary inclusion body myopathy
PARAMYOTONIACONGENITA,Cold induced muscle stiffness
ANDERSENTAWILSYNDROME,Periodic paralysis with dysrhythmia
HYPERKALEMICPARALYSIS,Attacks with high potassium
HYPOKALEMICPARALYSIS,Attacks with low potassium
NEUROBRUCELLOSIS,Zoonotic infection of nervous system
NEUROWHIPPLE,Tropheryma disease with oculomasticatory myorhythmia
THIAMINEDEFICIENCY,Cause of Wernicke encephalopathy
COPPER,Posterolateral column dysfunction; deficiency myelopathy
MANGANESE,Basal ganglia metal toxicity
LUXURYHYPERPERFUSION,Post ischemic flow increase
FWAVE,Proximal motor conduction response
ALPHARHYTHM,Posterior dominant EEG rhythm
BETARHYTHM,Fast EEG activity
DELTAWAVE,Slow EEG activity
SYNAPSE,Junction between neurons
AXON,Long projection of neuron
DENDRITE,Branching input structure
MYELIN,Insulating sheath of axons
NODEOFRANVIER,Gap enabling saltatory conduction
ACTIONPOTENTIAL,Rapid depolarization event
PRKN,Parkin gene for early PD
LRRK,Kinase gene linked to PD
TARDBP,TDP 43 gene for ALS
FUS,RNA binding gene in ALS
VCP,Multisystem proteinopathy gene
SETX,ALS with ataxia gene
GIANTCELLARTERITIS,Vasculitis risking vision loss
MOTORNEURON,ALS spectrum disorder; _____ disease
ACETYLCHOLINESTERASE,Breaks down acetylcholine
CARNITINEPALMITOYL,Fatty acid shuttle enzyme; _______ transferase
DYSEXECUTIVESYNDROME,Poor planning and set shifting
TRACTOGRAPHY,Reconstruction of white matter tracts
DIRECTPATHWAY,Facilitates movement via basal ganglia
MOSSYFIBER,Granule cell input 
MONOAMINEOXIDASEB,Deaminates dopamine
CFIBERS,Slow unmyelinated pain fibers
BRAINSTEMAUDITORYEVOKED,Click stimulus brainstem response
VISUALEVOKEDPOTENTIAL,Pattern reversal occipital response
DEFAULTMODENETWORK,Rest state medial network
GLUTAMATEDECARBOXYLASE,Makes GABA from glutamate
PERIAQUEDUCTALGRAY,Descending pain control region
NEUROGENESIS,Birth of new neurons
ADELTA,Fast myelinated pain fibers
CHOLINEACETYL,Synthesizes acetylcholine; _______ transferase
AUDITORYNETWORK,Temporal primary system
SPINORETICULARPATHWAY,Arousal related pain pathway
ORBITOFRONTALSYNDROME,Disinhibition and impulsivity
HYPOMYELINATION,Globally thin myelin
PERIVENTRICULAR,Preterm white matter injury; _______ leukomalacia
SACCADIC,Square wave jerks on fixation; _____ intrusions
DOPADECARBOXYLASE,Converts L DOPA to dopamine
SUBSTANCEP,Neuropeptide in pain afferents
VENTRALATTENTIONNETWORK,Reorienting attention system
MONOAMINEOXIDASEA,Deaminates serotonin and NE
SUSCEPTIBILITYWEIGHTEDIMAGING,Sensitive to iron and blood
INDIRECTPATHWAY,Inhibits competing movement
TYROSINEHYDROXYLASE,Rate limiting for catecholamines
NOCICEPTOR,Receptor for painful stimuli
OPIOIDRECEPTOR,Morphine like drug target
COENZYMEQDEFICIENCY,Ubiquinone shortage disorder
DYSMYELINATION,Abnormal myelin formation
VISUALNETWORK,Occipital primary system
FRONTOPARIETALNETWORK,Executive control network
SYNAPTOGENESIS,Formation of synapses
CUPULA,Gel over vestibular hair cells
SYMPATHETICSKINRESPONSE,Palmar electrodermal change
SPHEROIDS,Swollen axons in leukodystrophy
PYRUVATE,Congenital lactic acidosis; ______ dehydrogenase deficiency
MEGALENCEPHALIC,Vacuolating leukodystrophy; _____ leukoencephalopathy
PHOTICDRIVING,Occipital rhythm to flash
AXOALLOSS,Reduced amplitudes on NCS; ______ neuropathy
MITOCHONDRIALENCEPHALOMYOPATHY,Mitochondrial brain muscle disease
DIFFUSIONTENSORIMAGING,Maps white matter directions
NEURULATION,Formation of neural tube
POLYGLUCOSANBODY,GBE1 deficiency disorder; adult ______ disease
HEADIMPULSE,Test for vestibular neuritis
SUDOMOTOR,Sweat function assessment; _____ testing
HABITUATION,Reduced response to repeated stimulus
TRYPTOPHAN,Rate limiting for serotonin; _______ hydroxylase
NEGLECT,Ignores one hemispace
LEUKOARAIOSIS,Age related white matter change
SEMICIRCULARCANALS,Sense angular acceleration
NEUROTRANSMITTER,Chemical messenger in synapse
DELTA,Slow sleep rhythm waves
MURHYTHM,Central arch shaped rhythm
KCOMPLEXES,N2 sleep waveform
SLEEPSPINDLES,12 to 15 Hz bursts in N2
EPILEPTIFORM,Spike or sharp wave pattern discharge
POSTICTALSTATE,Period after a seizure
SEPTALNUCLEI,Cholinergic forebrain group
BABINSKI,Toe extension in infants is normal
PALMARGRASP,Infant hand closing on touch
PLAGIOCEPHALY,Skull asymmetry from positioning
TRIGGERFINGER,Stenosing flexor tenosynovitis
UNCUS,Medial temporal hook shaped structure
ASPECTS,Early ischemia score on CT
VESTIBULARNUCLEI,Brainstem balance centers
FIBRILLATION,Spontaneous single muscle fiber spike; ______ potential
MYELINBASIC,Marker of active demyelination; _______ protein
INTERFERENCE,Full EMG pattern at maximal effort
UTRICLE,Otolith organ sensing horizontal acceleration
NECK,Fencer posture in infants; asymmetric ______ reflex
DYSPRAXIA,Childhood motor planning difficulty; developmental _______
PERIRHINAL,Object memory association cortex
DEQUERVAINSTENOSYNOVITIS,Thumb tendon sheath inflammation
POSITIVEWAVESHARP,Denervation waveform on EMG
CSFOBSTRUCTION,Blockage affecting fluid flow
MORO,Infant startle like response; ____ reflex
PIRIFORM,Primary olfactory cortex
ROOTING,Infant turns to cheek touch; ____ reflex
BRACHIALPLEXUSBIRTHINJURY,Neonatal upper limb weakness
SUBICULUM,Hippocampal output region
POPLITEALENTRAPMENT,Vascular and nerve compression behind knee
FROINS,High protein with low flow CSF; _____ syndrome
NEUROMUSCULARBLOCKADE,Loss of transmission at junction
DECREMENTALRESPONSE,Drop on low frequency RNS
SLEEPINERTIA,Grogginess on awakening
PRIMARYSEXUALHEADACHE,Orgasm triggered head pain
PIRIFORMIS,Sciatic nerve compression at deep gluteal area; _____ syndrome
PAROXYSMALVERTIGO,Brief spinning episodes
HYPNIC,Alarm clock headache in sleep
CLAUSTRUM,Thin sheet between insula and putamen
RETROSPLENIAL,Navigation and context cortex
CANALITHIASIS,Loose particles in semicircular canal
LANDAU,Trunk extension in prone suspension; _____ reflex
APNEAHYPOPNEAINDEX,Sleep apnea severity metric
IGGSYNTHESISRATE,Index of intrathecal antibody production
PHALENS,Wrist flexion screens carpal tunnel; _____ test
SLEEPLATENCY,Time to fall asleep
POLYSOMNOGRAPHY,Overnight multi channel recording
ILIOTIBIALBAND,Lateral knee pain from friction; _____ syndrome
HYPERPERFUSION,Excessive blood flow to tissue
SUPRASCAPULAR,Compression at suprascapular notch; _______ entrapment